{"sections":{"165966922193b757ce":{"type":"breadcrumb","settings":{"position_bread_crumb":"left","pbs_collection":"first","color_background":"#f3f3f3","margin_bottom_desktop":50,"margin_bottom_table":60,"margin_bottom_mobile":40}},"main":{"type":"main-blog","blocks":{"67413e8b-91da-44cd-998a-7ccd13a7923e":{"type":"categories","settings":{"title":"Categories","menu":"more-from"}},"60260963-45fe-4435-be19-341b0f5313d6":{"type":"recent_post","settings":{"title":"Recent Post","sidebar_recent_blog_name":""}},"43feabdc-d93d-4c12-a3b9-16c92098227d":{"type":"tags","settings":{"title":"Tags"}}},"block_order":["67413e8b-91da-44cd-998a-7ccd13a7923e","60260963-45fe-4435-be19-341b0f5313d6","43feabdc-d93d-4c12-a3b9-16c92098227d"],"settings":{"show_date":true,"show_sidebar":false,"layout":"left_column","view":"grid_2_column","show_loadmore_paginate":"paginate","show_item_per_row":8}}},"order":["165966922193b757ce","main"]}