{
  "sections": {
    "165770078818653e11": {
      "type": "breadcrumb",
      "settings": {
        "position_bread_crumb": "left",
        "pbs_collection": "first",
        "color_background": "#f3f3f3",
        "margin_bottom_desktop": 50,
        "margin_bottom_table": 40,
        "margin_bottom_mobile": 30
      }
    },
    "product-grid": {
      "type": "main-collection-product-grid",
      "settings": {
        "collection_list": [
          "best-seller",
          "trending",
          "men",
          "new-arrivals",
          "shop-casualwear",
          "shop-high-fashion",
          "women",
          "world-of-denim"
        ],
        "products_per_page": 12,
        "fsize_scale": 110,
        "show_description": true,
        "is_collapse_description": true,
        "display_position": "bottom",
        "description_max_height": 100,
        "description_viewmore": "View More",
        "description_viewless": "View Less",
        "product_item_layout": "use_global",
        "enable_filtering": true,
        "filter_type": "vertical",
        "price_type": "slider",
        "price_range_config": "10-30,30-50,50-100,100-200,200-300,300-400,400-500",
        "enable_apply_button": false,
        "pagination_type": "pagination",
        "type_load_more": "click",
        "padding_top": 0,
        "padding_bottom": 52
      }
    }
  },
  "order": [
    "165770078818653e11",
    "product-grid"
  ]
}
