{"sections":{"43fa94af-e2f7-4e99-a60b-4a1dac7b8b4c":{"type":"banner-image-card","blocks":{"template--15917315129538__43fa94af-e2f7-4e99-a60b-4a1dac7b8b4c-16679793704eb8c5ba-0":{"type":"item","settings":{"content_position":"content-bottom-right","content_alignment":"left","hover_item":"none","use_effect_hover":false,"background_content":"","image":"shopify:\/\/shop_images\/Dream-Cloaks-for-front-alt.webp","overlay_banner":0,"fix_height_image":false,"height_image_mobile":50,"title":"<p><em><strong>ANIME DREAM CLOAKS<\/strong><\/em><\/p>","sub_title":"","font_size_title":36,"color_title":"#000000","color_background_title":"#ffffff","font_size_sub_title":24,"color_sub_title":"#000000","color_background_sub_title":"","button_type":"block-button","button_label":"","link":"shopify:\/\/collections\/best-seller"}},"template--15917315129538__43fa94af-e2f7-4e99-a60b-4a1dac7b8b4c-16679793704eb8c5ba-1":{"type":"item","settings":{"content_position":"content-bottom-right","content_alignment":"left","hover_item":"none","use_effect_hover":false,"background_content":"","image":"shopify:\/\/shop_images\/streetwear-t-shirt.webp","overlay_banner":0,"fix_height_image":false,"height_image_mobile":50,"title":"<p><em><strong>ANIME STREETWEAR<\/strong><\/em><\/p>","sub_title":"","font_size_title":36,"color_title":"#000000","color_background_title":"#ffffff","font_size_sub_title":24,"color_sub_title":"#000000","color_background_sub_title":"","button_type":"block-button","button_label":"","link":"shopify:\/\/collections\/new-arrivals"}}},"block_order":["template--15917315129538__43fa94af-e2f7-4e99-a60b-4a1dac7b8b4c-16679793704eb8c5ba-0","template--15917315129538__43fa94af-e2f7-4e99-a60b-4a1dac7b8b4c-16679793704eb8c5ba-1"],"settings":{"width_layout":"lg-container","gap_item":0,"background_banner":"","title":"","description":"","content_alignment":"text-center","layout":"layout_2","absolute_content":true,"padding_top":30,"padding_top_mobile":20,"padding_bottom":0,"margin_top_desktop":0,"margin_top_table":0,"margin_top_mobile":0,"margin_bottom_desktop":30,"margin_bottom_table":20,"margin_bottom_mobile":20}},"f06b3513-7340-4eff-8e58-974a40705738":{"type":"banner-image-card","blocks":{"template--15348165378254__f06b3513-7340-4eff-8e58-974a40705738-1676257983960ddbff-0":{"type":"item","settings":{"content_position":"content-bottom-right","content_alignment":"right","hover_item":"zoom_image","use_effect_hover":false,"background_content":"","image":"shopify:\/\/shop_images\/Anime-Baseball-Jerseys-for-front.webp","overlay_banner":0,"fix_height_image":false,"height_image_mobile":50,"title":"<p><em><strong>ANIME BASEBALL <\/strong><\/em><\/p><p><em><strong>JERSEYS<\/strong><\/em><\/p>","sub_title":"","font_size_title":24,"color_title":"#000000","color_background_title":"#ffffff","font_size_sub_title":24,"color_sub_title":"#000000","color_background_sub_title":"","button_type":"block-button","button_label":"","link":""}},"template--15348165378254__f06b3513-7340-4eff-8e58-974a40705738-1676257983960ddbff-1":{"type":"item","settings":{"content_position":"content-bottom-right","content_alignment":"right","hover_item":"zoom_image","use_effect_hover":false,"background_content":"","image":"shopify:\/\/shop_images\/anime-gym-shorts-front-mobile.webp","overlay_banner":0,"fix_height_image":false,"height_image_mobile":50,"title":"<p><em><strong>ANIME GYM <\/strong><\/em><\/p><p><em><strong>SHORTS<\/strong><\/em><\/p>","sub_title":"","font_size_title":24,"color_title":"#000000","color_background_title":"#ffffff","font_size_sub_title":24,"color_sub_title":"#000000","color_background_sub_title":"","button_type":"block-button","button_label":"","link":""}},"template--15348165378254__f06b3513-7340-4eff-8e58-974a40705738-1676257983960ddbff-2":{"type":"item","settings":{"content_position":"content-bottom-right","content_alignment":"right","hover_item":"zoom_image","use_effect_hover":false,"background_content":"","image":"shopify:\/\/shop_images\/Anime-Button-Ups-for-front-Mobil.webp","overlay_banner":0,"fix_height_image":false,"height_image_mobile":50,"title":"<p><em><strong>ANIME BUTTON UP <\/strong><\/em><\/p><p><em><strong>SHIRTS<\/strong><\/em><\/p>","sub_title":"","font_size_title":24,"color_title":"#000000","color_background_title":"#ffffff","font_size_sub_title":24,"color_sub_title":"#000000","color_background_sub_title":"","button_type":"block-button","button_label":"","link":""}}},"block_order":["template--15348165378254__f06b3513-7340-4eff-8e58-974a40705738-1676257983960ddbff-0","template--15348165378254__f06b3513-7340-4eff-8e58-974a40705738-1676257983960ddbff-1","template--15348165378254__f06b3513-7340-4eff-8e58-974a40705738-1676257983960ddbff-2"],"settings":{"width_layout":"lg-container","gap_item":0,"background_banner":"","title":"","description":"","content_alignment":"text-center","layout":"layout_2","absolute_content":true,"padding_top":0,"padding_top_mobile":0,"padding_bottom":0,"margin_top_desktop":0,"margin_top_table":0,"margin_top_mobile":0,"margin_bottom_desktop":80,"margin_bottom_table":60,"margin_bottom_mobile":40}},"dc84a407-dd60-4dcf-a2e4-4d38d0ce28bf":{"type":"tp-title-section","settings":{"heading":"POPULAR RIGHT NOW","sub_title":"","show_icon":false,"button_label":"View all","link":"","show_button":false,"display_type":"layout_1","position_title":"text-center","padding_top":0,"padding_bottom":0,"font-size_title":20,"font_size_title_mobile":30,"font-weight_title":700,"font-size_sub_title":16,"background_title":"","color_title":"#54595f","color_sub_title":"#909090","color_button":"#000000","margin_bottom_desktop":50,"margin_bottom_table":40,"margin_bottom_mobile":30}},"fa7cda56-8274-49d4-aa4a-6fc6360c0293":{"type":"featured-collection","settings":{"width_layout":"container","title":"","description":"","display_type":"tab","collection":"hoodies","background_color":"","padding_top_bottom":0,"products_to_show":10,"column_number":"5","collection_list":["hoodies","sweatshirts"],"style_button_tab":"tp-box-button__style-1","margin_bottom_button":30,"font_size_button":16,"font_weight_button_tab":400,"text_uppercase":false,"layout_slider":"layout-slider-3","show_navigation":true,"show_pagigation":false,"sliders_perview":"4","title_banner":"Shop Pet Portraits","description_banner":"<p>Professionally designed based on your pet photos. Surprise the pet parent in your life with a truly unforgettable gift.<\/p>","position_collection":"position_left","product_item_layout":"use_global","type_button":"normal","text_button":"Show More","button_type":"tp-btn__primary","mobile_columns":"2","margin_bottom_desktop":80,"margin_bottom_table":60,"margin_bottom_mobile":40}},"95a66bfb-6bd0-47e9-aac4-05fde4b5785e":{"type":"tp-title-section","settings":{"heading":"NEW ARRIVALS","sub_title":"","show_icon":false,"button_label":"View all","link":"","show_button":false,"display_type":"layout_1","position_title":"text-center","padding_top":0,"padding_bottom":0,"font-size_title":20,"font_size_title_mobile":30,"font-weight_title":700,"font-size_sub_title":16,"background_title":"","color_title":"#54595f","color_sub_title":"#909090","color_button":"#000000","margin_bottom_desktop":50,"margin_bottom_table":40,"margin_bottom_mobile":30}},"0445a961-f34f-495a-ae49-c4dcbb9a75e0":{"type":"featured-collection","settings":{"width_layout":"container","title":"","description":"<p>Top highlights this season<\/p>","display_type":"slide","collection":"sweatshirts","background_color":"","padding_top_bottom":0,"products_to_show":8,"column_number":"4","collection_list":[],"style_button_tab":"tp-box-button__style-2","margin_bottom_button":30,"font_size_button":16,"font_weight_button_tab":400,"text_uppercase":false,"layout_slider":"layout-slider-3","show_navigation":true,"show_pagigation":false,"sliders_perview":"4","title_banner":"Shop Pet Portraits","description_banner":"<p>Professionally designed based on your pet photos. Surprise the pet parent in your life with a truly unforgettable gift.<\/p>","position_collection":"position_left","product_item_layout":"layout_1","type_button":"normal","text_button":"Shop now","button_type":"tp-btn__primary","mobile_columns":"2","margin_bottom_desktop":80,"margin_bottom_table":60,"margin_bottom_mobile":40}},"7b5a94b7-d225-4a19-af88-ae2ecbaf1a70":{"type":"banner-image-card","blocks":{"template--15348165378254__7b5a94b7-d225-4a19-af88-ae2ecbaf1a70-167626182849d57b93-0":{"type":"item","settings":{"content_position":"content-bottom-left","content_alignment":"left","hover_item":"zoom_image","use_effect_hover":true,"background_content":"","image":"shopify:\/\/shop_images\/Anime-Hoodies-for-front-Mobile.webp","overlay_banner":0,"fix_height_image":false,"height_image_mobile":50,"title":"<p><em><strong>ANIME<\/strong><\/em><\/p><p><em><strong>HOODIES<\/strong><\/em><\/p>","sub_title":"","font_size_title":36,"color_title":"#ffffff","color_background_title":"rgba(0,0,0,0)","font_size_sub_title":24,"color_sub_title":"#000000","color_background_sub_title":"","button_type":"tp-btn__primary","button_label":"Shop now","link":""}},"template--15348165378254__7b5a94b7-d225-4a19-af88-ae2ecbaf1a70-167626182849d57b93-1":{"type":"item","settings":{"content_position":"content-top-left","content_alignment":"left","hover_item":"zoom_image","use_effect_hover":true,"background_content":"","image":"shopify:\/\/shop_images\/rash-guards.webp","overlay_banner":0,"fix_height_image":false,"height_image_mobile":50,"title":"<p><em><strong>ANIME RASH <\/strong><\/em><\/p><p><em><strong>GUARDS<\/strong><\/em><\/p>","sub_title":"","font_size_title":20,"color_title":"#ffffff","color_background_title":"rgba(0,0,0,0)","font_size_sub_title":24,"color_sub_title":"#000000","color_background_sub_title":"","button_type":"tp-btn__primary","button_label":"Shop now","link":""}},"template--15348165378254__7b5a94b7-d225-4a19-af88-ae2ecbaf1a70-167626182849d57b93-2":{"type":"item","settings":{"content_position":"content-bottom-left","content_alignment":"left","hover_item":"zoom_image","use_effect_hover":true,"background_content":"","image":"shopify:\/\/shop_images\/anime-oodies.webp","overlay_banner":3,"fix_height_image":false,"height_image_mobile":50,"title":"<p><strong>ANIME OODIES<\/strong><\/p>","sub_title":"","font_size_title":20,"color_title":"#ffffff","color_background_title":"rgba(0,0,0,0)","font_size_sub_title":24,"color_sub_title":"#000000","color_background_sub_title":"","button_type":"tp-btn__primary","button_label":"Shop now","link":""}},"template--15348165378254__7b5a94b7-d225-4a19-af88-ae2ecbaf1a70-167626182849d57b93-3":{"type":"item","settings":{"content_position":"content-bottom-left","content_alignment":"left","hover_item":"zoom_image","use_effect_hover":true,"background_content":"","image":"shopify:\/\/shop_images\/Anime-Tees-for-Front-Mobile.webp","overlay_banner":0,"fix_height_image":false,"height_image_mobile":50,"title":"<p><em><strong>Fresh TeesDope Designs<\/strong><\/em><\/p>","sub_title":"","font_size_title":20,"color_title":"#ffffff","color_background_title":"rgba(0,0,0,0)","font_size_sub_title":24,"color_sub_title":"#000000","color_background_sub_title":"","button_type":"tp-btn__primary","button_label":"Shop now","link":""}}},"block_order":["template--15348165378254__7b5a94b7-d225-4a19-af88-ae2ecbaf1a70-167626182849d57b93-0","template--15348165378254__7b5a94b7-d225-4a19-af88-ae2ecbaf1a70-167626182849d57b93-1","template--15348165378254__7b5a94b7-d225-4a19-af88-ae2ecbaf1a70-167626182849d57b93-2","template--15348165378254__7b5a94b7-d225-4a19-af88-ae2ecbaf1a70-167626182849d57b93-3"],"settings":{"width_layout":"container","gap_item":0,"background_banner":"","title":"","description":"","content_alignment":"text-center","layout":"layout_4","absolute_content":true,"padding_top":0,"padding_top_mobile":0,"padding_bottom":0,"margin_top_desktop":0,"margin_top_table":0,"margin_top_mobile":0,"margin_bottom_desktop":50,"margin_bottom_table":30,"margin_bottom_mobile":30}},"66628c01-85b6-4035-ac4a-43cc2dde2530":{"type":"footer","blocks":{"9a7a562e-e832-472b-9404-0ecf650f9793":{"type":"contact","settings":{"item_width":45,"position_content":"content-left","subtext":"<p>Lorem ipsum dolor sit amet, consectetur adipiscing elit, sed do eiusmod tempor incididunt ut labore et dolore magna aliqua. Ut enim ad minim veniam.<\/p>","phone":"(+400) 2523 465 376","color_phone":"#909090","font-size-phone":16,"email":"storepify@company.com","color_email":"#909090","font-size-email":16,"show_social":false}},"74d05865-8c42-489c-abda-37f77034ebd4":{"type":"link_list","settings":{"item_width":15,"heading":"Quick links","menu":""}},"2af99039-3f7e-4780-a41f-bacd1f08eb41":{"type":"link_list","settings":{"item_width":15,"heading":"INFORMATION","menu":""}},"f32eab5e-9a96-48f3-9e66-b95d783a6d32":{"type":"newsletter_ft","settings":{"item_width":25,"heading":"Newsletter","newsletter_brief":"<p>Sign up and get yourself a discount on a refurbished phone today!<\/p>","color_bg_button":"#2e2e2e","color_text_button":"#ffffff"}}},"block_order":["9a7a562e-e832-472b-9404-0ecf650f9793","74d05865-8c42-489c-abda-37f77034ebd4","2af99039-3f7e-4780-a41f-bacd1f08eb41","f32eab5e-9a96-48f3-9e66-b95d783a6d32"],"disabled":true,"settings":{"width_layout_ft":"container","color_background":"#ffffff","heading_color":"#000000","subtext_color":"#909090","color_social":"#bebebe","color_hover_item_menu":"#000000","show_social":true,"justify_content":"center","payment_enable":true,"content_copyright":"Copyright by Storepify","color_content_copyright":"#909090","margin_bottom_desktop":0,"margin_bottom_table":0,"margin_bottom_mobile":0,"padding_top_desktop":0,"padding_top_table":0,"padding_top_mobile":0}},"8a91fdf5-a0cf-4703-ab04-a1e788d39627":{"type":"tp-instagram","blocks":{"template--15348165378254__8a91fdf5-a0cf-4703-ab04-a1e788d39627-1676263776a93b43e6-0":{"type":"item_instagram","settings":{"image_instagram":"shopify:\/\/shop_images\/instagram_4_1.webp","link_instagram":""}},"template--15348165378254__8a91fdf5-a0cf-4703-ab04-a1e788d39627-1676263776a93b43e6-1":{"type":"item_instagram","settings":{"image_instagram":"shopify:\/\/shop_images\/instagram_2.webp","link_instagram":""}},"template--15348165378254__8a91fdf5-a0cf-4703-ab04-a1e788d39627-1676263776a93b43e6-2":{"type":"item_instagram","settings":{"image_instagram":"shopify:\/\/shop_images\/instagram_3.webp","link_instagram":""}},"template--15348165378254__8a91fdf5-a0cf-4703-ab04-a1e788d39627-1676263776a93b43e6-3":{"type":"item_instagram","settings":{"image_instagram":"shopify:\/\/shop_images\/instagram_4.webp","link_instagram":""}},"template--15348165378254__8a91fdf5-a0cf-4703-ab04-a1e788d39627-1676263776a93b43e6-4":{"type":"item_instagram","settings":{"image_instagram":"shopify:\/\/shop_images\/instagram_1.webp","link_instagram":""}}},"block_order":["template--15348165378254__8a91fdf5-a0cf-4703-ab04-a1e788d39627-1676263776a93b43e6-0","template--15348165378254__8a91fdf5-a0cf-4703-ab04-a1e788d39627-1676263776a93b43e6-1","template--15348165378254__8a91fdf5-a0cf-4703-ab04-a1e788d39627-1676263776a93b43e6-2","template--15348165378254__8a91fdf5-a0cf-4703-ab04-a1e788d39627-1676263776a93b43e6-3","template--15348165378254__8a91fdf5-a0cf-4703-ab04-a1e788d39627-1676263776a93b43e6-4"],"settings":{"ins_ctn":"container","title_instagram":"","sub_title_instagram":"","profile":"","data_instagram":"custom_data","gap_item":10,"instagram_to_show":5,"margin_bottom_desktop":40,"margin_bottom_table":20,"margin_bottom_mobile":20}},"043368e4-e081-457f-bae3-7dcf87c59cb1":{"type":"service","blocks":{"b1e8a89b-6c78-4a37-9e2c-ff38e1ca543a":{"type":"service_item","settings":{"image_service":"shopify:\/\/shop_images\/service-3-4_2.png","title_service":"Return Shipping","description_service":"On order over $150","padding_top_bottom":15,"background_item_service":"#f3f3f3","service_title":"#000000","service_brief":"#909090","font_size_title":16,"font_size_description":16,"link_service":""}},"810d3557-34e0-4d87-977d-bba32dd93357":{"type":"service_item","settings":{"image_service":"shopify:\/\/shop_images\/service-3-1_2.png","title_service":"24\/7 Customer Services","description_service":"Call Us 24\/7 At 123-456-789","padding_top_bottom":15,"background_item_service":"#f3f3f3","service_title":"#000000","service_brief":"#909090","font_size_title":16,"font_size_description":16,"link_service":""}},"2d55512d-303a-4e28-8ad9-1e3699529751":{"type":"service_item","settings":{"image_service":"shopify:\/\/shop_images\/service-3-3_2.png","title_service":"12 - Month Warranty","description_service":"On All Ours Products","padding_top_bottom":15,"background_item_service":"#f3f3f3","service_title":"#000000","service_brief":"#909090","font_size_title":16,"font_size_description":16,"link_service":""}},"900be10e-3e72-4a3b-a3e2-9d98e95b6207":{"type":"service_item","disabled":true,"settings":{"title_service":"Support","description_service":"We Stand Behind Our Products","padding_top_bottom":0,"background_item_service":"rgba(0,0,0,0)","service_title":"#000000","service_brief":"#909090","font_size_title":16,"font_size_description":16,"link_service":""}}},"block_order":["b1e8a89b-6c78-4a37-9e2c-ff38e1ca543a","810d3557-34e0-4d87-977d-bba32dd93357","2d55512d-303a-4e28-8ad9-1e3699529751","900be10e-3e72-4a3b-a3e2-9d98e95b6207"],"settings":{"width_layout":"container","title":"","description":"","content_alignment":"text-center","gap_item":0,"layout_service":"layout-service-1","max_width_image":"80px","service_bg":"#ffffff","sv_pd_top":0,"sv_pd_bottom":0,"show_border_right":false,"margin_bottom_desktop":40,"margin_bottom_table":20,"margin_bottom_mobile":20}},"70e12115-9190-4c93-a91c-b0260395a133":{"type":"border","disabled":true,"settings":{"type_border":"border_type1","border_width":"container","color_border":"#e5e5e5","height_border":1,"margin_bottom_desktop":80,"margin_bottom_table":60,"margin_bottom_mobile":40}},"11ecb650-fc4f-4f25-a715-d06cc8f7a193":{"type":"list-collection","settings":{"width_section":"container","background_collection":"","heading":"","display_type_collection":"title","border_radius_image":false,"hover_image":"zoom","gap_item":30,"color_title":"#000000","fz_title_collection":18,"slide_perview":"4","show_navigation":true,"show_count_product":true,"show_btn_shop_now":false,"style_title_collection":"style_1","description":"","text_button":"Shop collection","link_button_banner":"","button_type":"tp-btn__primary","button_title":"Shop Now","margin_bottom_desktop":80,"margin_bottom_table":40,"margin_bottom_mobile":30}},"159d7b64-9207-4beb-82c2-d2ad949f456d":{"type":"tp-title-section","disabled":true,"settings":{"heading":"HONEST REVIEWS","sub_title":"","show_icon":false,"button_label":"View all","link":"","show_button":false,"display_type":"layout_1","position_title":"text-center","padding_top":0,"padding_bottom":0,"font-size_title":20,"font_size_title_mobile":30,"font-weight_title":700,"font-size_sub_title":16,"background_title":"","color_title":"#54595f","color_sub_title":"#909090","color_button":"#000000","margin_bottom_desktop":50,"margin_bottom_table":40,"margin_bottom_mobile":30}},"b8092f30-82ac-43b8-a9ec-7afc3b8f00e3":{"type":"review","blocks":{"26d7b1d5-6bef-4132-9954-b6305b30944d":{"type":"review_item","settings":{"image_review":"shopify:\/\/shop_images\/create_1.webp","title_review":"","customer_review":"","date_review":""}},"d19942cc-b992-49a8-96cb-fdf8160ae156":{"type":"review_item","settings":{"image_review":"shopify:\/\/shop_images\/create_4.webp","title_review":"","customer_review":"","date_review":""}},"273b1c28-71a3-4818-aa2a-d2115bcd823a":{"type":"review_item","settings":{"image_review":"shopify:\/\/shop_images\/create_5.webp","title_review":"","customer_review":"","date_review":""}},"0c350613-e860-4ac5-904d-1413feff70d4":{"type":"review_item","settings":{"image_review":"shopify:\/\/shop_images\/create_3.webp","title_review":"","customer_review":"","date_review":""}},"2510299d-9bdd-4336-9630-bf628b488ae0":{"type":"review_item","settings":{"image_review":"shopify:\/\/shop_images\/create_7.webp","title_review":"","customer_review":"","date_review":""}},"8859e690-e888-4135-9c55-8c604db8b456":{"type":"review_item","settings":{"image_review":"shopify:\/\/shop_images\/create_3.webp","title_review":"","customer_review":"","date_review":""}}},"block_order":["26d7b1d5-6bef-4132-9954-b6305b30944d","d19942cc-b992-49a8-96cb-fdf8160ae156","273b1c28-71a3-4818-aa2a-d2115bcd823a","0c350613-e860-4ac5-904d-1413feff70d4","2510299d-9bdd-4336-9630-bf628b488ae0","8859e690-e888-4135-9c55-8c604db8b456"],"settings":{"width_layout":"container","display_layout":"layout_2","title":"","description":"","review_bg":"#f3f3f3","margin_bottom_desktop":0,"margin_bottom_table":0,"margin_bottom_mobile":0}}},"order":["43fa94af-e2f7-4e99-a60b-4a1dac7b8b4c","f06b3513-7340-4eff-8e58-974a40705738","dc84a407-dd60-4dcf-a2e4-4d38d0ce28bf","fa7cda56-8274-49d4-aa4a-6fc6360c0293","95a66bfb-6bd0-47e9-aac4-05fde4b5785e","0445a961-f34f-495a-ae49-c4dcbb9a75e0","7b5a94b7-d225-4a19-af88-ae2ecbaf1a70","66628c01-85b6-4035-ac4a-43cc2dde2530","8a91fdf5-a0cf-4703-ab04-a1e788d39627","043368e4-e081-457f-bae3-7dcf87c59cb1","70e12115-9190-4c93-a91c-b0260395a133","11ecb650-fc4f-4f25-a715-d06cc8f7a193","159d7b64-9207-4beb-82c2-d2ad949f456d","b8092f30-82ac-43b8-a9ec-7afc3b8f00e3"]}