{
  "sections": {
    "1660127193fa8fe44e": {
      "type": "breadcrumb",
      "settings": {
        "position_bread_crumb": "left",
        "pbs_collection": "first",
        "color_background": "#f3f3f3",
        "margin_bottom_desktop": 50,
        "margin_bottom_table": 40,
        "margin_bottom_mobile": 30
      }
    },
    "main": {
      "type": "main-list-collections",
      "settings": {
        "title": "Collections",
        "sort": "alphabetical"
      }
    }
  },
  "order": [
    "1660127193fa8fe44e",
    "main"
  ]
}