{
  "sections": {
    "0698b7bd-c719-4923-8992-9091638e4a3e": {
      "type": "banner-image-card",
      "blocks": {
        "template--15628681543886__0698b7bd-c719-4923-8992-9091638e4a3e-1670812911b1ab05a2-0": {
          "type": "item",
          "settings": {
            "content_position": "content-center",
            "content_alignment": "left",
            "hover_item": "none",
            "use_effect_hover": false,
            "background_content": "",
            "image": "shopify:\/\/shop_images\/Rectangle_163_2.png",
            "overlay_banner": 1,
            "fix_height_image": false,
            "height_image_mobile": 50,
            "title": "<p>Black Jackets<\/p>",
            "sub_title": "",
            "font_size_title": 36,
            "color_title": "#000000",
            "color_background_title": "#ffffff",
            "font_size_sub_title": 24,
            "color_sub_title": "#000000",
            "color_background_sub_title": "",
            "button_type": "tp-btn__primary",
            "button_label": "Shop now",
            "link": ""
          }
        },
        "template--15628681543886__0698b7bd-c719-4923-8992-9091638e4a3e-1670812911b1ab05a2-1": {
          "type": "item",
          "settings": {
            "content_position": "content-center",
            "content_alignment": "left",
            "hover_item": "none",
            "use_effect_hover": false,
            "background_content": "",
            "image": "shopify:\/\/shop_images\/Rectangle_164_2.png",
            "overlay_banner": 0,
            "fix_height_image": false,
            "height_image_mobile": 50,
            "title": "<p>Women Coat<\/p>",
            "sub_title": "",
            "font_size_title": 36,
            "color_title": "#000000",
            "color_background_title": "#ffffff",
            "font_size_sub_title": 24,
            "color_sub_title": "#000000",
            "color_background_sub_title": "",
            "button_type": "tp-btn__primary",
            "button_label": "Shop now",
            "link": ""
          }
        }
      },
      "block_order": [
        "template--15628681543886__0698b7bd-c719-4923-8992-9091638e4a3e-1670812911b1ab05a2-0",
        "template--15628681543886__0698b7bd-c719-4923-8992-9091638e4a3e-1670812911b1ab05a2-1"
      ],
      "settings": {
        "width_layout": "width-full",
        "gap_item": 0,
        "background_banner": "",
        "title": "",
        "description": "",
        "content_alignment": "text-center",
        "layout": "layout_1",
        "absolute_content": true,
        "padding_top": 0,
        "padding_top_mobile": 0,
        "padding_bottom": 0,
        "margin_top_desktop": 0,
        "margin_top_table": 0,
        "margin_top_mobile": 0,
        "margin_bottom_desktop": 20,
        "margin_bottom_table": 20,
        "margin_bottom_mobile": 20
      }
    },
    "086fc5a4-2aad-4707-b13e-912724507010": {
      "type": "banner-image-card",
      "blocks": {
        "template--15628681543886__086fc5a4-2aad-4707-b13e-912724507010-167081317886b52ef6-0": {
          "type": "item",
          "settings": {
            "content_position": "content-center",
            "content_alignment": "left",
            "hover_item": "none",
            "use_effect_hover": false,
            "background_content": "",
            "image": "shopify:\/\/shop_images\/Rectangle_169.png",
            "overlay_banner": 0,
            "fix_height_image": false,
            "height_image_mobile": 50,
            "title": "<p>Jeans Jacket<\/p>",
            "sub_title": "",
            "font_size_title": 36,
            "color_title": "#000000",
            "color_background_title": "#ffffff",
            "font_size_sub_title": 24,
            "color_sub_title": "#000000",
            "color_background_sub_title": "",
            "button_type": "tp-btn__primary",
            "button_label": "Shop now",
            "link": ""
          }
        },
        "template--15628681543886__086fc5a4-2aad-4707-b13e-912724507010-167081317886b52ef6-1": {
          "type": "item",
          "settings": {
            "content_position": "content-center",
            "content_alignment": "left",
            "hover_item": "none",
            "use_effect_hover": false,
            "background_content": "",
            "image": "shopify:\/\/shop_images\/Rectangle_166_1.png",
            "overlay_banner": 0,
            "fix_height_image": false,
            "height_image_mobile": 50,
            "title": "<p>Long Dresses<\/p>",
            "sub_title": "",
            "font_size_title": 36,
            "color_title": "#000000",
            "color_background_title": "#ffffff",
            "font_size_sub_title": 24,
            "color_sub_title": "#000000",
            "color_background_sub_title": "",
            "button_type": "tp-btn__primary",
            "button_label": "Shop now",
            "link": ""
          }
        }
      },
      "block_order": [
        "template--15628681543886__086fc5a4-2aad-4707-b13e-912724507010-167081317886b52ef6-0",
        "template--15628681543886__086fc5a4-2aad-4707-b13e-912724507010-167081317886b52ef6-1"
      ],
      "settings": {
        "width_layout": "width-full",
        "gap_item": 0,
        "background_banner": "",
        "title": "",
        "description": "",
        "content_alignment": "text-center",
        "layout": "layout_1",
        "absolute_content": true,
        "padding_top": 0,
        "padding_top_mobile": 0,
        "padding_bottom": 0,
        "margin_top_desktop": 0,
        "margin_top_table": 0,
        "margin_top_mobile": 0,
        "margin_bottom_desktop": 20,
        "margin_bottom_table": 20,
        "margin_bottom_mobile": 20
      }
    },
    "c36e4d90-87d5-45dc-b79c-6a1b0497324c": {
      "type": "banner-image-card",
      "blocks": {
        "template--15628681543886__c36e4d90-87d5-45dc-b79c-6a1b0497324c-1670813264990894bd-0": {
          "type": "item",
          "settings": {
            "content_position": "content-center",
            "content_alignment": "left",
            "hover_item": "none",
            "use_effect_hover": false,
            "background_content": "",
            "image": "shopify:\/\/shop_images\/Rectangle_167.png",
            "overlay_banner": 0,
            "fix_height_image": false,
            "height_image_mobile": 50,
            "title": "<p>Street Fashion<\/p>",
            "sub_title": "",
            "font_size_title": 36,
            "color_title": "#000000",
            "color_background_title": "#ffffff",
            "font_size_sub_title": 24,
            "color_sub_title": "#000000",
            "color_background_sub_title": "",
            "button_type": "tp-btn__primary",
            "button_label": "Shop now",
            "link": ""
          }
        },
        "template--15628681543886__c36e4d90-87d5-45dc-b79c-6a1b0497324c-1670813264990894bd-1": {
          "type": "item",
          "settings": {
            "content_position": "content-center",
            "content_alignment": "left",
            "hover_item": "none",
            "use_effect_hover": false,
            "background_content": "",
            "image": "shopify:\/\/shop_images\/Rectangle_168.png",
            "overlay_banner": 0,
            "fix_height_image": false,
            "height_image_mobile": 50,
            "title": "<p>Boot Trend<\/p>",
            "sub_title": "",
            "font_size_title": 36,
            "color_title": "#000000",
            "color_background_title": "#ffffff",
            "font_size_sub_title": 24,
            "color_sub_title": "#000000",
            "color_background_sub_title": "",
            "button_type": "tp-btn__primary",
            "button_label": "Shop now",
            "link": ""
          }
        }
      },
      "block_order": [
        "template--15628681543886__c36e4d90-87d5-45dc-b79c-6a1b0497324c-1670813264990894bd-0",
        "template--15628681543886__c36e4d90-87d5-45dc-b79c-6a1b0497324c-1670813264990894bd-1"
      ],
      "settings": {
        "width_layout": "width-full",
        "gap_item": 0,
        "background_banner": "",
        "title": "",
        "description": "",
        "content_alignment": "text-center",
        "layout": "layout_1",
        "absolute_content": true,
        "padding_top": 0,
        "padding_top_mobile": 0,
        "padding_bottom": 0,
        "margin_top_desktop": 0,
        "margin_top_table": 0,
        "margin_top_mobile": 0,
        "margin_bottom_desktop": 80,
        "margin_bottom_table": 60,
        "margin_bottom_mobile": 40
      }
    },
    "2594044f-0ed8-4518-b6cb-cc9bfc321278": {
      "type": "featured-collection",
      "settings": {
        "width_layout": "container",
        "title": "Best Sellers",
        "description": "",
        "display_type": "normal",
        "collection": "men",
        "background_color": "",
        "padding_top_bottom": 0,
        "products_to_show": 4,
        "column_number": "4",
        "collection_list": [

        ],
        "style_button_tab": "tp-box-button__style-1",
        "margin_bottom_button": 30,
        "font_size_button": 16,
        "font_weight_button_tab": 400,
        "text_uppercase": false,
        "layout_slider": "layout-slider-1",
        "show_navigation": true,
        "show_pagigation": true,
        "sliders_perview": "4",
        "title_banner": "Shop Pet Portraits",
        "description_banner": "<p>Professionally designed based on your pet photos. Surprise the pet parent in your life with a truly unforgettable gift.<\/p>",
        "position_collection": "position_left",
        "product_item_layout": "layout_2",
        "type_button": "normal",
        "text_button": "",
        "button_type": "tp-btn__primary",
        "mobile_columns": "2",
        "margin_bottom_desktop": 20,
        "margin_bottom_table": 20,
        "margin_bottom_mobile": 20
      }
    },
    "0cbcfe83-d75d-43a9-ab4d-88007fbf5eff": {
      "type": "banner-slide",
      "blocks": {
        "template--15628681543886__0cbcfe83-d75d-43a9-ab4d-88007fbf5eff-167081390076ef13b0-0": {
          "type": "bnslide_item",
          "settings": {
            "position_countdown": "right-countdown",
            "image": "shopify:\/\/shop_images\/Slider_10.png",
            "title": "Save off",
            "percent": "50%",
            "sub_title": "New Offer Products",
            "cd_year": 2023,
            "cd_month": "12",
            "cd_days": "28",
            "color_text_count_down": "#ffffff",
            "color_bg_count_down": "#0088cc",
            "link_button": "",
            "button_type": "tp-btn__secondary"
          }
        },
        "template--15628681543886__0cbcfe83-d75d-43a9-ab4d-88007fbf5eff-167081390076ef13b0-1": {
          "type": "bnslide_item",
          "settings": {
            "position_countdown": "right-countdown",
            "image": "shopify:\/\/shop_images\/Slider_10.png",
            "title": "Save off",
            "percent": "50%",
            "sub_title": "New Offer Products",
            "cd_year": 2023,
            "cd_month": "12",
            "cd_days": "28",
            "color_text_count_down": "#ffffff",
            "color_bg_count_down": "#0088cc",
            "link_button": "",
            "button_type": "tp-btn__secondary"
          }
        }
      },
      "block_order": [
        "template--15628681543886__0cbcfe83-d75d-43a9-ab4d-88007fbf5eff-167081390076ef13b0-0",
        "template--15628681543886__0cbcfe83-d75d-43a9-ab4d-88007fbf5eff-167081390076ef13b0-1"
      ],
      "settings": {
        "width_layout": "width-full",
        "show_navigation": true,
        "show_pagination": true,
        "margin_bottom_desktop": 80,
        "margin_bottom_table": 60,
        "margin_bottom_mobile": 40,
        "pagi_color": "#000000"
      }
    },
    "7ceed59f-047e-4599-b3be-b4f543335eae": {
      "type": "tp-instagram",
      "blocks": {
        "81849b9d-063a-4596-8f7c-5914e42c4180": {
          "type": "item_instagram",
          "settings": {
            "image_instagram": "shopify:\/\/shop_images\/ig1.png",
            "link_instagram": "https:\/\/www.instagram.com\/p\/CjXUHFzPF9o\/"
          }
        },
        "8ee73743-5876-44f3-be04-227699191536": {
          "type": "item_instagram",
          "settings": {
            "image_instagram": "shopify:\/\/shop_images\/ig2.png",
            "link_instagram": "https:\/\/www.instagram.com\/p\/CjXUFAkvnHQ\/"
          }
        },
        "6bba2fdd-1540-4f22-b4e7-fbcd2540fd2e": {
          "type": "item_instagram",
          "settings": {
            "image_instagram": "shopify:\/\/shop_images\/ig3.png",
            "link_instagram": "https:\/\/www.instagram.com\/p\/CjhHFe9PpQ5\/"
          }
        },
        "a7fd0570-eea7-415d-b002-5c90882f83ea": {
          "type": "item_instagram",
          "settings": {
            "image_instagram": "shopify:\/\/shop_images\/ig4.png",
            "link_instagram": "https:\/\/www.instagram.com\/p\/CjXT9nvvV8K\/"
          }
        },
        "39e851a8-8264-4e84-9db8-12de8be28122": {
          "type": "item_instagram",
          "settings": {
            "image_instagram": "shopify:\/\/shop_images\/ig5.png",
            "link_instagram": "https:\/\/www.instagram.com\/p\/CjXT7pHvNa0\/"
          }
        },
        "1bc1c1f9-0fc3-48fa-8ee6-a096fc488472": {
          "type": "item_instagram",
          "settings": {
            "image_instagram": "shopify:\/\/shop_images\/ig6.png",
            "link_instagram": "https:\/\/www.instagram.com\/p\/CjXUuJYPj4g\/"
          }
        }
      },
      "block_order": [
        "81849b9d-063a-4596-8f7c-5914e42c4180",
        "8ee73743-5876-44f3-be04-227699191536",
        "6bba2fdd-1540-4f22-b4e7-fbcd2540fd2e",
        "a7fd0570-eea7-415d-b002-5c90882f83ea",
        "39e851a8-8264-4e84-9db8-12de8be28122",
        "1bc1c1f9-0fc3-48fa-8ee6-a096fc488472"
      ],
      "settings": {
        "ins_ctn": "container-fluid",
        "title_instagram": "@ FOLLOW US ON",
        "sub_title_instagram": "INSTAGRAM",
        "profile": "https:\/\/www.instagram.com\/storepify\/",
        "data_instagram": "custom_data",
        "gap_item": 0,
        "instagram_to_show": 6,
        "margin_bottom_desktop": 80,
        "margin_bottom_table": 60,
        "margin_bottom_mobile": 40
      }
    },
    "01daa3ca-17ea-40ea-9291-43495e4162b8": {
      "type": "service",
      "blocks": {
        "072162a4-4771-40eb-9aa1-89d7e965c74f": {
          "type": "service_item",
          "settings": {
            "image_service": "shopify:\/\/shop_images\/Group.png",
            "title_service": "Return Shipping",
            "description_service": "On order over $150",
            "padding_top_bottom": 0,
            "background_item_service": "rgba(0,0,0,0)",
            "service_title": "#000000",
            "service_brief": "#909090",
            "font_size_title": 16,
            "font_size_description": 16,
            "link_service": ""
          }
        },
        "977b99a1-3fa3-4be7-b224-178145ec6a69": {
          "type": "service_item",
          "settings": {
            "image_service": "shopify:\/\/shop_images\/Group_1.png",
            "title_service": "24\/7 Customer services",
            "description_service": "Call us 24\/7 at 123-456-789",
            "padding_top_bottom": 0,
            "background_item_service": "rgba(0,0,0,0)",
            "service_title": "#000000",
            "service_brief": "#909090",
            "font_size_title": 16,
            "font_size_description": 16,
            "link_service": ""
          }
        },
        "81e9e3a9-2caa-41d0-bae1-e10103cf1a39": {
          "type": "service_item",
          "settings": {
            "image_service": "shopify:\/\/shop_images\/Fast_Access_3.png",
            "title_service": "Fast Access",
            "description_service": "The internet Tend To Repeat",
            "padding_top_bottom": 0,
            "background_item_service": "rgba(0,0,0,0)",
            "service_title": "#000000",
            "service_brief": "#909090",
            "font_size_title": 16,
            "font_size_description": 16,
            "link_service": ""
          }
        }
      },
      "block_order": [
        "072162a4-4771-40eb-9aa1-89d7e965c74f",
        "977b99a1-3fa3-4be7-b224-178145ec6a69",
        "81e9e3a9-2caa-41d0-bae1-e10103cf1a39"
      ],
      "settings": {
        "width_layout": "container",
        "title": "",
        "description": "",
        "content_alignment": "text-center",
        "gap_item": 0,
        "layout_service": "layout-service-1",
        "max_width_image": "80px",
        "service_bg": "rgba(0,0,0,0)",
        "sv_pd_top": 0,
        "sv_pd_bottom": 0,
        "show_border_right": false,
        "margin_bottom_desktop": 80,
        "margin_bottom_table": 60,
        "margin_bottom_mobile": 40
      }
    },
    "0a12e7b2-3ec5-452e-9157-992c2f3893e4": {
      "type": "newsletter",
      "blocks": {
        "template--15628681543886__0a12e7b2-3ec5-452e-9157-992c2f3893e4-16708324972753e764-0": {
          "type": "paragraph",
          "settings": {
            "text": "<p>Be the first to know about new collections and exclusive offers.<\/p>",
            "description_newletter": ""
          }
        },
        "template--15628681543886__0a12e7b2-3ec5-452e-9157-992c2f3893e4-16708324972753e764-1": {
          "type": "email_form",
          "settings": {
          }
        }
      },
      "block_order": [
        "template--15628681543886__0a12e7b2-3ec5-452e-9157-992c2f3893e4-16708324972753e764-0",
        "template--15628681543886__0a12e7b2-3ec5-452e-9157-992c2f3893e4-16708324972753e764-1"
      ],
      "settings": {
        "display_layout": "newsletter-layout_1",
        "newsletter_background": "#f3f3f3",
        "newsletter_content": "#000000",
        "color_bg_button": "#2e2e2e",
        "color_text_button": "#ffffff",
        "color_newsletter": "#000000",
        "show_social": false,
        "padding_top": 18,
        "padding_bottom": 18,
        "margin_bottom_desktop": 60
      }
    }
  },
  "order": [
    "0698b7bd-c719-4923-8992-9091638e4a3e",
    "086fc5a4-2aad-4707-b13e-912724507010",
    "c36e4d90-87d5-45dc-b79c-6a1b0497324c",
    "2594044f-0ed8-4518-b6cb-cc9bfc321278",
    "0cbcfe83-d75d-43a9-ab4d-88007fbf5eff",
    "7ceed59f-047e-4599-b3be-b4f543335eae",
    "01daa3ca-17ea-40ea-9291-43495e4162b8",
    "0a12e7b2-3ec5-452e-9157-992c2f3893e4"
  ]
}
