{"sections":{"1660875782c9d37716":{"type":"slide","blocks":{"4f21a9ff-003d-4aa1-a7ec-0bf8785b0dfd":{"type":"slide_item","settings":{"image":"shopify:\/\/shop_images\/cosmetic1.png","overlay_slide":0,"slider_effect":"fadeInUp","position_content":"left-content","text_align_content":"text_left","sub_title":"New In: Face & Body","title":"<p>Hide Ugly. <\/p><p>Show Only The Beauty<\/p>","description_1":"<p>Lorem ipsum dolor sit amet, consectetur adipiscing <\/p><p>elit, sed do eiusmod tempor incididunt ut lab<\/p>","description_2":"","slide_url":"shopify:\/\/collections\/cosmetics","font_size_subtitle":18,"font_size_title":50,"font_size_description":16,"color_subtitle":"#000000","color_title":"#000000","color_description":"#000000","color_description_2":"","button_type":"tp-btn__primary"}},"4b8a3072-2f55-4c13-9a71-966a5588de10":{"type":"slide_item","settings":{"image":"shopify:\/\/shop_images\/comestic4.png","overlay_slide":0,"slider_effect":"fadeInUp","position_content":"left-content","text_align_content":"text_left","sub_title":"New In: Face & Body","title":"<p>Define Beauty<\/p><p>Define You<\/p>","description_1":"<p>Lorem ipsum dolor sit amet, consectetur adipiscing <\/p><p>elit, sed do eiusmod tempor incididunt ut lab<\/p>","description_2":"","slide_url":"shopify:\/\/collections\/cosmetics","font_size_subtitle":18,"font_size_title":50,"font_size_description":16,"color_subtitle":"#000000","color_title":"#000000","color_description":"#000000","color_description_2":"","button_type":"tp-btn__primary"}},"0101cdbf-3992-4a20-a7a1-632f65acd495":{"type":"slide_item","settings":{"image":"shopify:\/\/shop_images\/cosmetic3.png","overlay_slide":0,"slider_effect":"fadeInUp","position_content":"left-content","text_align_content":"text_left","sub_title":"New In: Face & Body","title":"<p>Be Gorgeous<\/p><p> Inside Out <\/p>","description_1":"<p>Lorem ipsum dolor sit amet, consectetur adipiscing <\/p><p>elit, sed do eiusmod tempor incididunt ut lab<\/p>","description_2":"","slide_url":"shopify:\/\/collections\/cosmetics","font_size_subtitle":18,"font_size_title":50,"font_size_description":16,"color_subtitle":"#000000","color_title":"#000000","color_description":"#000000","color_description_2":"","button_type":"tp-btn__primary"}}},"block_order":["4f21a9ff-003d-4aa1-a7ec-0bf8785b0dfd","4b8a3072-2f55-4c13-9a71-966a5588de10","0101cdbf-3992-4a20-a7a1-632f65acd495"],"settings":{"show_navigation":true,"show_pagination":true,"loop":true,"autoplay":true,"autoplay_time":5,"fix_height_img":"height_by_theme","position_pagination":"left_bottom","pag_bg":"#000000","type_navigation":"button_icon","margin_bottom_desktop":50,"margin_bottom_table":40,"margin_bottom_mobile":40}},"1660788096a941f44c":{"type":"service","blocks":{"8444acdc-7abc-46ef-9206-362dc4a4f0af":{"type":"service_item","settings":{"image_service":"shopify:\/\/shop_images\/icon-service-3.png","title_service":"Free Shipping Worldwide","description_service":"Free international shipping","padding_top_bottom":10,"background_item_service":"rgba(0,0,0,0)","service_title":"#000000","service_brief":"#909090","font_size_title":16,"font_size_description":16,"link_service":""}},"04abcea8-338f-4146-b257-77d3d8a5a390":{"type":"service_item","settings":{"image_service":"shopify:\/\/shop_images\/icon-service-2.png","title_service":"30 Day Return","description_service":"On all ours products","padding_top_bottom":10,"background_item_service":"rgba(0,0,0,0)","service_title":"#000000","service_brief":"#909090","font_size_title":16,"font_size_description":16,"link_service":""}},"55b12fb9-e87e-4a12-b99d-c9e91dbf0589":{"type":"service_item","settings":{"image_service":"shopify:\/\/shop_images\/image-service.png","title_service":"24\/7 Customer Support","description_service":"Provide 24\/7 support","padding_top_bottom":10,"background_item_service":"rgba(0,0,0,0)","service_title":"#000000","service_brief":"#909090","font_size_title":16,"font_size_description":16,"link_service":""}}},"block_order":["8444acdc-7abc-46ef-9206-362dc4a4f0af","04abcea8-338f-4146-b257-77d3d8a5a390","55b12fb9-e87e-4a12-b99d-c9e91dbf0589"],"settings":{"width_layout":"container","title":"","description":"","content_alignment":"text-center","gap_item":30,"layout_service":"layout-service-1","max_width_image":"80px","service_bg":"rgba(0,0,0,0)","sv_pd_top":0,"sv_pd_bottom":0,"show_border_right":true,"margin_bottom_desktop":50,"margin_bottom_table":40,"margin_bottom_mobile":40}},"1660904654f6076da9":{"type":"tp-title-section","settings":{"heading":"Popular Items","sub_title":"","show_icon":true,"button_label":"View all","link":"","show_button":false,"display_type":"layout_1","position_title":"text-center","padding_top":0,"padding_bottom":0,"font-size_title":36,"font_size_title_mobile":30,"font-weight_title":500,"font-size_sub_title":16,"background_title":"","color_title":"#000000","color_sub_title":"#909090","color_button":"#000000","margin_bottom_desktop":30,"margin_bottom_table":30,"margin_bottom_mobile":30}},"1660893483de1de3e8":{"type":"featured-collection","settings":{"width_layout":"container","title":"","description":"","display_type":"normal","collection":"cosmetics","background_color":"","padding_top_bottom":0,"products_to_show":8,"column_number":"4","collection_list":[],"style_button_tab":"tp-box-button__style-1","margin_bottom_button":30,"font_size_button":16,"font_weight_button_tab":400,"text_uppercase":false,"layout_slider":"layout-slider-1","show_navigation":true,"show_pagigation":true,"sliders_perview":"4","title_banner":"Shop Pet Portraits","description_banner":"<p>Professionally designed based on your pet photos. Surprise the pet parent in your life with a truly unforgettable gift.<\/p>","position_collection":"position_left","product_item_layout":"use_global","type_button":"load_more","text_button":"Shop now","button_type":"tp-btn__primary","mobile_columns":"2","margin_bottom_desktop":80,"margin_bottom_table":60,"margin_bottom_mobile":40}},"1660881382c5a232eb":{"type":"banner","blocks":{"06fd51d9-5851-43a3-a8f4-075bb3b1e8e3":{"type":"banner_menu","settings":{"image_banner":"shopify:\/\/shop_images\/thumb1.png","menu_banner":"legal","title_menu":"Nail & Wax","text_button":"View all collection","link_button_banner":"shopify:\/\/collections\/cosmetics","position_menu":"left"}},"4a232be4-d0b8-4363-9525-58a4a4010a5c":{"type":"banner_menu","settings":{"image_banner":"shopify:\/\/shop_images\/thumb2.png","menu_banner":"information","title_menu":"Nail & Wax","text_button":"View all collection","link_button_banner":"shopify:\/\/collections\/cosmetics","position_menu":"right"}}},"block_order":["06fd51d9-5851-43a3-a8f4-075bb3b1e8e3","4a232be4-d0b8-4363-9525-58a4a4010a5c"],"settings":{"width_layout_banner":"container","background_banner":"rgba(0,0,0,0)","title":"","description":"","margin_bottom_desktop":80,"margin_bottom_table":60,"margin_bottom_mobile":40}},"16607973118da5765a":{"type":"tp-partner","blocks":{"ce2a0bab-1afd-47a4-af91-5678bbd5b31e":{"type":"item","settings":{"text":"Item","item_image":"shopify:\/\/shop_images\/partner-4.png","item_link":""}},"bcb3ea43-5a0b-4fee-81fa-7650f23091f1":{"type":"item","settings":{"text":"Item","item_image":"shopify:\/\/shop_images\/partner-1.png","item_link":""}},"57e674a5-4b41-4578-a203-4211d69dfa17":{"type":"item","settings":{"text":"Item","item_image":"shopify:\/\/shop_images\/partner-5.png","item_link":""}},"c5d93d3c-4491-483c-94e1-4a9bc418fe64":{"type":"item","settings":{"text":"Item","item_image":"shopify:\/\/shop_images\/partner-2.png","item_link":""}},"1e1c7ca0-c39b-4973-beb9-90ada83799f9":{"type":"item","settings":{"text":"Item","item_image":"shopify:\/\/shop_images\/partner-3.png","item_link":""}}},"block_order":["ce2a0bab-1afd-47a4-af91-5678bbd5b31e","bcb3ea43-5a0b-4fee-81fa-7650f23091f1","57e674a5-4b41-4578-a203-4211d69dfa17","c5d93d3c-4491-483c-94e1-4a9bc418fe64","1e1c7ca0-c39b-4973-beb9-90ada83799f9"],"settings":{"partner_config":"slide_partner","partner_bg":"#ffffff","tt_pd_top":0,"tt_pd_bottom":0,"margin_bottom_desktop":80,"margin_bottom_table":60,"margin_bottom_mobile":40}},"16608116276e6ea19c":{"type":"our-testimonial","blocks":{"5f13045c-7923-4220-89d3-30428703b525":{"type":"our_testimonial_item","settings":{"image_testimonial":"shopify:\/\/shop_images\/thumb3.png","title_testimonial":"Very best for choice","description_testimonial":"Noodlefish pipefish zebra shark beaked salmon hillstream loach Newt Zealand smelt salmon false moray pelican eel stoneroller minnow.","name_testimonial":"Zenipher Lopez","background_testimonial_item":"#ffffff"}}},"block_order":["5f13045c-7923-4220-89d3-30428703b525"],"settings":{"heading":"","background_testimonial":"#ffffff","display_type":"layout_3","padding_top_bottom":0,"show_pagination":false,"margin_bottom_desktop":80,"margin_bottom_table":60,"margin_bottom_mobile":40}},"d9660664-efc9-469f-ac1e-88584b879134":{"type":"tp-title-section","settings":{"heading":"Fashion News","sub_title":"<p>The latest fashion news, fashion week updates<\/p>","show_icon":false,"button_label":"View all","link":"","show_button":false,"display_type":"layout_1","position_title":"text-center","padding_top":0,"padding_bottom":0,"font-size_title":36,"font_size_title_mobile":30,"font-weight_title":500,"font-size_sub_title":16,"background_title":"","color_title":"#000","color_sub_title":"#909090","color_button":"#000","margin_bottom_desktop":50,"margin_bottom_table":40,"margin_bottom_mobile":30}},"1660805664e1c77174":{"type":"lastest-news","settings":{"blog":"shopify-blog","width_blog":"container","display_layout":"layout_1","position_content":"left","post_limit":3,"gap_item_blog":30,"box_shadow_item":false,"show_date":true,"show_button_discover":true,"content_text":"#000000","rgb_image":0,"margin_bottom_desktop":80,"margin_bottom_table":60,"margin_bottom_mobile":40}},"16623503594f0e56ac":{"type":"border","settings":{"type_border":"border_type1","border_width":"container","color_border":"#eeeeee","height_border":1,"margin_bottom_desktop":80,"margin_bottom_table":60,"margin_bottom_mobile":40}}},"order":["1660875782c9d37716","1660788096a941f44c","1660904654f6076da9","1660893483de1de3e8","1660881382c5a232eb","16607973118da5765a","16608116276e6ea19c","d9660664-efc9-469f-ac1e-88584b879134","1660805664e1c77174","16623503594f0e56ac"]}