{
  "sections": {
    "main": {
      "type": "slide",
      "blocks": {
        "19579fb8-6c88-414e-b6a3-a1605c3069f6": {
          "type": "slide_item",
          "settings": {
            "image": "shopify:\/\/shop_images\/1_2.png",
            "sub_title": "Poolside daze",
            "title": "<p>Oasis Scallop Scoop Back Knitted<\/p>",
            "description_1": "",
            "description_2": "",
            "slide_url": "",
            "font_size_subtitle": 18,
            "font_size_title": 50,
            "font_size_description": 18,
            "color_subtitle": "#909090",
            "color_title": "#000000",
            "color_description": "#000000"
          }
        },
        "7f9baf9f-258e-4a54-9091-dc720c73b13f": {
          "type": "slide_item",
          "settings": {
            "image": "shopify:\/\/shop_images\/2_1.png",
            "sub_title": "Poolside daze",
            "title": "<p>Oasis Scallop Scoop Back Knitted<\/p>",
            "description_1": "",
            "description_2": "",
            "slide_url": "",
            "font_size_subtitle": 18,
            "font_size_title": 50,
            "font_size_description": 18,
            "color_subtitle": "#909090",
            "color_title": "#000000",
            "color_description": "#000000"
          }
        },
        "194b804a-f2eb-4dc4-830a-4b900ae2c589": {
          "type": "slide_item",
          "settings": {
            "image": "shopify:\/\/shop_images\/3.png",
            "sub_title": "Poolside daze",
            "title": "<p>Oasis Scallop Scoop Back Knitted<\/p>",
            "description_1": "",
            "description_2": "",
            "slide_url": "",
            "font_size_subtitle": 18,
            "font_size_title": 50,
            "font_size_description": 18,
            "color_subtitle": "#909090",
            "color_title": "#000000",
            "color_description": "#000000"
          }
        }
      },
      "block_order": [
        "19579fb8-6c88-414e-b6a3-a1605c3069f6",
        "7f9baf9f-258e-4a54-9091-dc720c73b13f",
        "194b804a-f2eb-4dc4-830a-4b900ae2c589"
      ],
      "settings": {
        "show_navigation": true,
        "show_pagination": true,
        "loop": true,
        "autoplay": true,
        "autoplay_time": 5,
        "position_pagination": "center_bottom",
        "pag_bg": "#000000",
        "type_navigation": "button_icon",
        "margin_bottom_desktop": 80,
        "margin_bottom_table": 60,
        "margin_bottom_mobile": 40
      }
    },
    "165664422642c82cdf": {
      "type": "featured-collection",
      "settings": {
        "title": "New & Featured",
        "description": "<p>Top highlights this season<br\/><\/p>",
        "display_type": "slide",
        "collection": "men",
        "products_to_show": 4,
        "collection_list": [

        ],
        "type_button": "normal",
        "text_button": "View More",
        "margin_bottom_desktop": 80,
        "margin_bottom_table": 60,
        "margin_bottom_mobile": 40
      }
    },
    "16615032431d15ea9a": {
      "type": "banner-image-card",
      "blocks": {
        "ee4c1191-ba6c-4f49-aab1-976514477a75": {
          "type": "item",
          "settings": {
            "content_position": "content-bottom-center",
            "content_alignment": "left",
            "image": "shopify:\/\/shop_images\/Banner_1.png",
            "title": "",
            "button_label": "Shop now",
            "link": ""
          }
        },
        "04f176a9-f7e5-475a-b06c-dc4379688ef2": {
          "type": "item",
          "settings": {
            "content_position": "content-bottom-center",
            "content_alignment": "left",
            "image": "shopify:\/\/shop_images\/Banner_2.png",
            "title": "",
            "button_label": "Shop now",
            "link": ""
          }
        }
      },
      "block_order": [
        "ee4c1191-ba6c-4f49-aab1-976514477a75",
        "04f176a9-f7e5-475a-b06c-dc4379688ef2"
      ],
      "settings": {
        "width_layout": "container",
        "layout": "layout_2",
        "margin_bottom_desktop": 80,
        "margin_bottom_table": 60,
        "margin_bottom_mobile": 40
      }
    },
    "1658306199eb15debe": {
      "type": "service",
      "blocks": {
        "38029aed-a2fc-4340-bd05-b4be5bb51e91": {
          "type": "service_item",
          "settings": {
            "image_service": "shopify:\/\/shop_images\/Shipping.png",
            "title_service": "Free US Delivery",
            "description_service": "On order over $150",
            "background_item_service": "#ffffff",
            "link_service": ""
          }
        },
        "1461f3df-be27-4fce-932e-39c7e0f7cab6": {
          "type": "service_item",
          "settings": {
            "image_service": "shopify:\/\/shop_images\/27-7_CS.png",
            "title_service": "24\/7 Customer Services",
            "description_service": "Call us 24\/7 at 123-456-789",
            "background_item_service": "#ffffff",
            "link_service": ""
          }
        },
        "d4e2ce0b-f9d5-4b66-a00b-20dd6a61036b": {
          "type": "service_item",
          "settings": {
            "image_service": "shopify:\/\/shop_images\/Fast_Access.png",
            "title_service": "12-Month Warranty",
            "description_service": "On all ours products",
            "background_item_service": "#ffffff",
            "link_service": ""
          }
        }
      },
      "block_order": [
        "38029aed-a2fc-4340-bd05-b4be5bb51e91",
        "1461f3df-be27-4fce-932e-39c7e0f7cab6",
        "d4e2ce0b-f9d5-4b66-a00b-20dd6a61036b"
      ],
      "settings": {
        "gap_item": 0,
        "margin_bottom_desktop": 80,
        "margin_bottom_table": 60,
        "margin_bottom_mobile": 40
      }
    },
    "16615033287d2fb8bd": {
      "type": "border",
      "settings": {
        "border_width": "container",
        "color_border": "#e5e5e5",
        "height_border": 1,
        "margin_bottom_desktop": 80,
        "margin_bottom_table": 60,
        "margin_bottom_mobile": 40
      }
    },
    "1656314908fb3199a7": {
      "type": "banner",
      "blocks": {
        "e12fda31-665c-4d4e-a88b-25c360b4c2ff": {
          "type": "banner_normal",
          "settings": {
            "image_banner": "shopify:\/\/shop_images\/img-banner.png",
            "title_banner": "Tiered broderie mini sundress in white",
            "description_banner": "Wre talking swirly scrunchies, bow headbands and more super-cute, 90s-inspired bits. And to wrap up things up, check out Pieces for womens hat and scarf sets thatll make cold-weather dressing a breeze.",
            "text_button": "Shop collection",
            "link_button_banner": ""
          }
        }
      },
      "block_order": [
        "e12fda31-665c-4d4e-a88b-25c360b4c2ff"
      ],
      "settings": {
        "margin_bottom_desktop": 80,
        "margin_bottom_table": 60,
        "margin_bottom_mobile": 40
      }
    },
    "1656644345ad89ad4d": {
      "type": "our-testimonial",
      "blocks": {
        "1abb1b4f-3b1c-424a-8bac-d6a07c530522": {
          "type": "our_testimonial_item",
          "settings": {
            "image_testimonial": "shopify:\/\/shop_images\/Ellipse_71.png",
            "title_testimonial": "Love my new purchase",
            "description_testimonial": "Noodlefish pipefish zebra shark beaked salmon hillstream loach New Zealand smelt salmon false moray",
            "name_testimonial": "Maria Emilia",
            "background_testimonial_item": "#ffffff"
          }
        },
        "a15a21c3-077c-41c6-911e-b540d21ba238": {
          "type": "our_testimonial_item",
          "settings": {
            "image_testimonial": "shopify:\/\/shop_images\/Ellipse_70.png",
            "title_testimonial": "Love my new purchase",
            "description_testimonial": "Noodlefish pipefish zebra shark beaked salmon hillstream loach New Zealand smelt salmon false moray",
            "name_testimonial": "Maria Emilia",
            "background_testimonial_item": "#ffffff"
          }
        }
      },
      "block_order": [
        "1abb1b4f-3b1c-424a-8bac-d6a07c530522",
        "a15a21c3-077c-41c6-911e-b540d21ba238"
      ],
      "settings": {
        "heading": "Our Testimonials",
        "background_testimonial": "#f5f3ff",
        "display_type": "layout_1",
        "padding_top_bottom": 80,
        "show_pagination": true,
        "margin_bottom_desktop": 80,
        "margin_bottom_table": 60,
        "margin_bottom_mobile": 40
      }
    }
  },
  "order": [
    "main",
    "165664422642c82cdf",
    "16615032431d15ea9a",
    "1658306199eb15debe",
    "16615033287d2fb8bd",
    "1656314908fb3199a7",
    "1656644345ad89ad4d"
  ]
}
