{"sections":{"16596815204da811dc":{"type":"breadcrumb","settings":{"position_bread_crumb":"left","pbs_collection":"first","color_background":"#f3f3f3","margin_bottom_desktop":50,"margin_bottom_table":30,"margin_bottom_mobile":20}},"16630686428dc988d9":{"type":"default-page-title","settings":{"g_title":"","g_sub":"","horizontal_alignment":"center","margin_bottom_desktop":30,"margin_bottom_table":20,"margin_bottom_mobile":20}},"main":{"type":"tp-portfolio","blocks":{"a7f0c233-fedb-4ce6-aca6-3e8cbcc9dc34":{"type":"portfolio_item","settings":{"image":"shopify:\/\/shop_images\/portfolio-3.png","title":"Pharmacological","link":"","filter_tag":"Woman Fashion"}},"ffd3978d-939c-4c97-98db-522c3c28d558":{"type":"portfolio_item","settings":{"image":"shopify:\/\/shop_images\/portfolio-4.png","title":"Variations","link":"","filter_tag":"Woman Fashion"}},"f986e6a0-92ce-4650-a118-d734c28dbe9e":{"type":"portfolio_item","settings":{"image":"shopify:\/\/shop_images\/portfolio-6.png","title":"Generated","link":"","filter_tag":"Woman Fashion"}},"1ed2a4e4-2b01-46fc-a3e1-f6cd64b7025f":{"type":"portfolio_item","settings":{"image":"shopify:\/\/shop_images\/portfolio-5.png","title":"Chunk","link":"","filter_tag":"Woman Fashion"}},"1263c68d-d486-4522-8c11-0000a8b31d1a":{"type":"portfolio_item","settings":{"image":"shopify:\/\/shop_images\/portfolio-1.png","title":"Pharmacological","link":"","filter_tag":"Woman Fashion"}},"73fb6070-b874-492f-a5a8-92a1fdd844ed":{"type":"portfolio_item","settings":{"image":"shopify:\/\/shop_images\/portfolio-2.png","title":"Pharmacological","link":"","filter_tag":"Woman Fashion"}},"45435655-6273-410f-b704-ce397061c987":{"type":"portfolio_item","settings":{"image":"shopify:\/\/shop_images\/portfolio-8.png","title":"Pharmacological","link":"","filter_tag":"Man Fashion"}},"f31f0895-c045-4be7-9da2-520e03b0f025":{"type":"portfolio_item","settings":{"image":"shopify:\/\/shop_images\/portfolio-10.png","title":"Pharmacological","link":"","filter_tag":"Man Fashion"}},"f9bcd727-05b2-4ff6-b2a6-3a2506e196ef":{"type":"portfolio_item","settings":{"image":"shopify:\/\/shop_images\/portfolio-7.png","title":"Pharmacological","link":"","filter_tag":"Man Fashion"}},"091cdf09-0721-4c9b-8258-e637bef2aa01":{"type":"portfolio_item","settings":{"image":"shopify:\/\/shop_images\/portfolio-9.png","title":"Pharmacological","link":"","filter_tag":"Man Fashion"}},"e58f7061-ad01-4284-a6b5-b3e65abef14e":{"type":"portfolio_item","settings":{"image":"shopify:\/\/shop_images\/portfolio-12.png","title":"Pharmacological","link":"","filter_tag":"Man Fashion"}},"a1b0ce94-8738-433f-95c7-666369b28f17":{"type":"portfolio_item","settings":{"image":"shopify:\/\/shop_images\/portfolio-11.png","title":"Pharmacological","link":"","filter_tag":"Man Fashion"}}},"block_order":["a7f0c233-fedb-4ce6-aca6-3e8cbcc9dc34","ffd3978d-939c-4c97-98db-522c3c28d558","f986e6a0-92ce-4650-a118-d734c28dbe9e","1ed2a4e4-2b01-46fc-a3e1-f6cd64b7025f","1263c68d-d486-4522-8c11-0000a8b31d1a","73fb6070-b874-492f-a5a8-92a1fdd844ed","45435655-6273-410f-b704-ce397061c987","f31f0895-c045-4be7-9da2-520e03b0f025","f9bcd727-05b2-4ff6-b2a6-3a2506e196ef","091cdf09-0721-4c9b-8258-e637bef2aa01","e58f7061-ad01-4284-a6b5-b3e65abef14e","a1b0ce94-8738-433f-95c7-666369b28f17"],"settings":{"portfolio_width":"container","type":"1","margin_bottom_desktop":50,"margin_bottom_table":30,"margin_bottom_mobile":10}}},"order":["16596815204da811dc","16630686428dc988d9","main"]}