{
  "sections": {
    "1659430235b209efc8": {
      "type": "breadcrumb",
      "settings": {
        "position_bread_crumb": "left",
        "pbs_collection": "first",
        "color_background": "#f3f3f3",
        "margin_bottom_desktop": 50,
        "margin_bottom_table": 40,
        "margin_bottom_mobile": 30
      }
    },
    "1663034179bbc12737": {
      "type": "default-page-title",
      "settings": {
        "g_title": "",
        "g_sub": "",
        "horizontal_alignment": "left",
        "margin_bottom_desktop": 30,
        "margin_bottom_table": 20,
        "margin_bottom_mobile": 20
      }
    },
    "main": {
      "type": "compare",
      "settings": {}
    }
  },
  "order": [
    "1659430235b209efc8",
    "1663034179bbc12737",
    "main"
  ]
}