{"sections":{"3d8596f3-63e1-47e1-9de8-b686a8f6cfa7":{"type":"banner-lookbook","blocks":{"5ff39f5c-9fc3-4700-a23c-58f5a98c4124":{"type":"many-images","settings":{"image_lookbook":"shopify:\/\/shop_images\/1_4fd1097d-53d1-4a86-a966-62463eeb4c1f.png","background_pin":"#1aaa61","product":"basic-joggers-with-elastic-waist","position_top":19,"position_left":50,"position_product":"top-center"}},"f14ae8ba-c279-4bb6-a64f-f8be1df1e717":{"type":"many-images","settings":{"image_lookbook":"shopify:\/\/shop_images\/2_c0d8f5f4-bbbc-4ebd-9e0a-87e291e64b50.png","background_pin":"#0049ff","product":"basic-high-collared-puffer-jacket","position_top":80,"position_left":50,"position_product":"bottom-center"}},"601ecc5a-bae9-4844-a3f6-551f0f272c4d":{"type":"many-images","settings":{"image_lookbook":"shopify:\/\/shop_images\/3_6f30c1ef-70d3-4837-80eb-2060b4fb8188.png","background_pin":"#ff0000","product":"hooded-gilet","position_top":80,"position_left":50,"position_product":"bottom-center"}},"d33b7760-a468-4119-9fae-3315d9a52bff":{"type":"many-images","settings":{"image_lookbook":"shopify:\/\/shop_images\/4_d926d25f-c238-44c4-a8c5-e5012ce09d4c.png","background_pin":"#ffae47","product":"jumpsuit","position_top":38,"position_left":43,"position_product":"top-right"}}},"block_order":["5ff39f5c-9fc3-4700-a23c-58f5a98c4124","f14ae8ba-c279-4bb6-a64f-f8be1df1e717","601ecc5a-bae9-4844-a3f6-551f0f272c4d","d33b7760-a468-4119-9fae-3315d9a52bff"],"settings":{"width_layout":"full-width","type_lookbook":"many_images","image_backgroud":"shopify:\/\/shop_images\/lookbook_cbd434d0-3c8a-484f-b824-4537c5c05123.png","margin_bottom_desktop":80,"margin_bottom_table":60,"margin_bottom_mobile":40}},"be5d015f-d9e6-48b3-8788-6ea2dd90169c":{"type":"banner","blocks":{"4f365c59-ad6f-4768-a13b-1006a30e9653":{"type":"banner_normal","settings":{"layout_banner":"layout-normal_1","position_banner":"left","text_align_content":"text_left","image_banner":"shopify:\/\/shop_images\/blog_banner.png","sub_title_banner":"","title_banner":"Tiered broderie mini sundress in white","description_banner":"Wre talking swirly scrunchies, bow headbands and more super-cute, 90s-inspired bits. And to wrap up things up, check out Pieces for womens hat and scarf sets thatll make cold-weather dressing a breeze.","color-title":"#000000","color-description":"#5e5e5e","button_type":"tp-btn__secondary","text_button":"Shop collection","link_button_banner":""}}},"block_order":["4f365c59-ad6f-4768-a13b-1006a30e9653"],"settings":{"width_layout_banner":"container","background_banner":"rgba(0,0,0,0)","title":"","description":"","margin_bottom_desktop":80,"margin_bottom_table":60,"margin_bottom_mobile":40}},"7d1a65a0-ba17-41d0-a2d8-a734f80bb106":{"type":"featured-collection","disabled":true,"settings":{"width_layout":"container","title":"Best Sellers","description":"","display_type":"normal","collection":"trending","background_color":"","padding_top_bottom":0,"products_to_show":8,"column_number":"4","collection_list":[],"style_button_tab":"tp-box-button__style-1","margin_bottom_button":30,"font_size_button":16,"font_weight_button_tab":400,"text_uppercase":false,"layout_slider":"layout-slider-1","show_navigation":true,"show_pagigation":true,"sliders_perview":"4","title_banner":"Shop Pet Portraits","description_banner":"<p>Professionally designed based on your pet photos. Surprise the pet parent in your life with a truly unforgettable gift.<\/p>","position_collection":"position_left","product_item_layout":"layout_2","type_button":"normal","text_button":"Shop now","button_type":"tp-btn__primary","mobile_columns":"2","margin_bottom_desktop":80,"margin_bottom_table":60,"margin_bottom_mobile":40}},"6cb94675-9782-4b4d-9a53-8db42952bf91":{"type":"featured-collection","settings":{"width_layout":"container","title":"Best Sellers","description":"","display_type":"normal","collection":"new-arrivals","background_color":"","padding_top_bottom":0,"products_to_show":8,"column_number":"4","collection_list":[],"style_button_tab":"tp-box-button__style-1","margin_bottom_button":30,"font_size_button":16,"font_weight_button_tab":400,"text_uppercase":false,"layout_slider":"layout-slider-1","show_navigation":true,"show_pagigation":true,"sliders_perview":"4","title_banner":"Shop Pet Portraits","description_banner":"<p>Professionally designed based on your pet photos. Surprise the pet parent in your life with a truly unforgettable gift.<\/p>","position_collection":"position_left","product_item_layout":"use_global","type_button":"normal","text_button":"Shop Now","button_type":"tp-btn__secondary","mobile_columns":"2","margin_bottom_desktop":80,"margin_bottom_table":60,"margin_bottom_mobile":40}},"a64d155a-bd54-4d84-83dc-3174c69853b5":{"type":"tp-title-section","settings":{"heading":"Fashion News","sub_title":"<p>The latest fashion news, fashion week updates<\/p>","show_icon":false,"button_label":"View all","link":"","show_button":false,"display_type":"layout_1","position_title":"text-center","padding_top":0,"padding_bottom":0,"font-size_title":36,"font_size_title_mobile":30,"font-weight_title":500,"font-size_sub_title":16,"background_title":"","color_title":"#000","color_sub_title":"#909090","color_button":"#000","margin_bottom_desktop":30,"margin_bottom_table":30,"margin_bottom_mobile":30}},"cef4174a-d119-491d-a3ce-eccf1aef097a":{"type":"lastest-news","settings":{"blog":"shopify-blog","width_blog":"container","display_layout":"layout_1","position_content":"left","post_limit":3,"gap_item_blog":30,"box_shadow_item":false,"show_date":true,"show_button_discover":true,"content_text":"#000000","rgb_image":0,"margin_bottom_desktop":80,"margin_bottom_table":60,"margin_bottom_mobile":40}},"3d1a4362-7d9e-4cbb-97c1-8fb31992f0e0":{"type":"tp-instagram","blocks":{"81849b9d-063a-4596-8f7c-5914e42c4180":{"type":"item_instagram","settings":{"image_instagram":"shopify:\/\/shop_images\/ig1.png","link_instagram":"https:\/\/www.instagram.com\/p\/CjXUHFzPF9o\/"}},"8ee73743-5876-44f3-be04-227699191536":{"type":"item_instagram","settings":{"image_instagram":"shopify:\/\/shop_images\/ig2.png","link_instagram":"https:\/\/www.instagram.com\/p\/CjXUFAkvnHQ\/"}},"6bba2fdd-1540-4f22-b4e7-fbcd2540fd2e":{"type":"item_instagram","settings":{"image_instagram":"shopify:\/\/shop_images\/ig3.png","link_instagram":"https:\/\/www.instagram.com\/p\/CjhHFe9PpQ5\/"}},"a7fd0570-eea7-415d-b002-5c90882f83ea":{"type":"item_instagram","settings":{"image_instagram":"shopify:\/\/shop_images\/ig4.png","link_instagram":"https:\/\/www.instagram.com\/p\/CjXT9nvvV8K\/"}},"39e851a8-8264-4e84-9db8-12de8be28122":{"type":"item_instagram","settings":{"image_instagram":"shopify:\/\/shop_images\/ig5.png","link_instagram":"https:\/\/www.instagram.com\/p\/CjXT7pHvNa0\/"}},"1bc1c1f9-0fc3-48fa-8ee6-a096fc488472":{"type":"item_instagram","settings":{"image_instagram":"shopify:\/\/shop_images\/ig6.png","link_instagram":"https:\/\/www.instagram.com\/p\/CjXUuJYPj4g\/"}}},"block_order":["81849b9d-063a-4596-8f7c-5914e42c4180","8ee73743-5876-44f3-be04-227699191536","6bba2fdd-1540-4f22-b4e7-fbcd2540fd2e","a7fd0570-eea7-415d-b002-5c90882f83ea","39e851a8-8264-4e84-9db8-12de8be28122","1bc1c1f9-0fc3-48fa-8ee6-a096fc488472"],"settings":{"ins_ctn":"container-fluid","title_instagram":"@ FOLLOW US ON","sub_title_instagram":"INSTAGRAM","profile":"https:\/\/www.instagram.com\/storepify\/","data_instagram":"custom_data","gap_item":0,"instagram_to_show":6,"margin_bottom_desktop":80,"margin_bottom_table":60,"margin_bottom_mobile":40}},"417ef6a5-beaa-4685-bf78-eb4d5ad833d4":{"type":"service","blocks":{"02e1c3a9-9406-499f-998e-d478053a709f":{"type":"service_item","settings":{"image_service":"shopify:\/\/shop_images\/001-free-1.png","title_service":"Free Shipping Worldwide","description_service":"Free international shipping","padding_top_bottom":30,"background_item_service":"#eefffe","service_title":"#000000","service_brief":"#000000","font_size_title":16,"font_size_description":16,"link_service":""}},"426d10af-b294-4e54-a701-ba8bd5d1f5f0":{"type":"service_item","settings":{"image_service":"shopify:\/\/shop_images\/001-safe1.png","title_service":"30 Day Return","description_service":"On all ours products","padding_top_bottom":30,"background_item_service":"#f4f7ff","service_title":"#000000","service_brief":"#000000","font_size_title":16,"font_size_description":16,"link_service":""}},"ffba2049-3511-416b-aebd-488411608a60":{"type":"service_item","settings":{"image_service":"shopify:\/\/shop_images\/001-online-chat-1.png","title_service":"24\/7 Customer Support","description_service":"Provide 24\/7 support","padding_top_bottom":30,"background_item_service":"#fffbf4","service_title":"#000000","service_brief":"#000000","font_size_title":16,"font_size_description":16,"link_service":""}}},"block_order":["02e1c3a9-9406-499f-998e-d478053a709f","426d10af-b294-4e54-a701-ba8bd5d1f5f0","ffba2049-3511-416b-aebd-488411608a60"],"settings":{"width_layout":"container","title":"","description":"","content_alignment":"text-center","gap_item":30,"layout_service":"layout-service-1","max_width_image":"80px","service_bg":"#ffffff","sv_pd_top":0,"sv_pd_bottom":0,"show_border_right":false,"margin_bottom_desktop":80,"margin_bottom_table":60,"margin_bottom_mobile":40}},"fe748bce-279c-4fa8-a374-7e37a3511621":{"type":"newsletter","blocks":{"template--15898835091650__fe748bce-279c-4fa8-a374-7e37a3511621-1666422013a85bedf0-0":{"type":"paragraph","settings":{"text":"<p>Be the first to know about new collections and exclusive offers.<\/p>","description_newletter":""}},"template--15898835091650__fe748bce-279c-4fa8-a374-7e37a3511621-1666422013a85bedf0-1":{"type":"email_form","settings":{}}},"block_order":["template--15898835091650__fe748bce-279c-4fa8-a374-7e37a3511621-1666422013a85bedf0-0","template--15898835091650__fe748bce-279c-4fa8-a374-7e37a3511621-1666422013a85bedf0-1"],"settings":{"display_layout":"newsletter-layout_1","newsletter_background":"#f3f3f3","newsletter_content":"#000000","color_bg_button":"#2e2e2e","color_text_button":"#ffffff","color_newsletter":"#000000","show_social":false,"padding_top":18,"padding_bottom":18,"margin_bottom_desktop":80}}},"order":["3d8596f3-63e1-47e1-9de8-b686a8f6cfa7","be5d015f-d9e6-48b3-8788-6ea2dd90169c","7d1a65a0-ba17-41d0-a2d8-a734f80bb106","6cb94675-9782-4b4d-9a53-8db42952bf91","a64d155a-bd54-4d84-83dc-3174c69853b5","cef4174a-d119-491d-a3ce-eccf1aef097a","3d1a4362-7d9e-4cbb-97c1-8fb31992f0e0","417ef6a5-beaa-4685-bf78-eb4d5ad833d4","fe748bce-279c-4fa8-a374-7e37a3511621"]}