{"sections":{"ea31e7c8-131d-446c-b8f4-0919916ec80e":{"type":"slide","blocks":{"6297a7b8-61c1-4a07-966c-96ed0d70f51f":{"type":"slide_item","settings":{"image":"shopify:\/\/shop_images\/organic-slider-2.png","overlay_slide":0,"slider_effect":"fadeInDown","position_content":"center-content","text_align_content":"text_center","sub_title":"Healthy Days","title":"<p>Italian Tomato Traditions<\/p>","description_1":"<p>Special Offers<\/p>","description_2":"","slide_url":"","font_size_subtitle":18,"font_size_title":50,"font_size_description":16,"color_subtitle":"#000000","color_title":"#71af19","color_description":"#000000","color_description_2":"#000000","button_type":"block-button"}},"ce3a74db-14fc-466f-9b5e-e079103388d7":{"type":"slide_item","settings":{"image":"shopify:\/\/shop_images\/organic-slider-2.png","overlay_slide":0,"slider_effect":"fadeInLeft","position_content":"center-content","text_align_content":"text_center","sub_title":"Healthy Days","title":"<p>Italian Tomato Traditions<\/p>","description_1":"<p>Special Offers<\/p>","description_2":"","slide_url":"","font_size_subtitle":18,"font_size_title":50,"font_size_description":16,"color_subtitle":"#000000","color_title":"#71af19","color_description":"#000000","color_description_2":"#000000","button_type":"block-button"}},"e8558718-cbeb-47f3-a904-ac59dc08fde8":{"type":"slide_item","settings":{"image":"shopify:\/\/shop_images\/organic-slider-2.png","overlay_slide":0,"slider_effect":"fadeInUp","position_content":"center-content","text_align_content":"text_center","sub_title":"Healthy Days","title":"<p>Italian Tomato Traditions<\/p>","description_1":"<p>Special Offers<\/p>","description_2":"","slide_url":"","font_size_subtitle":18,"font_size_title":50,"font_size_description":16,"color_subtitle":"#000000","color_title":"#71af19","color_description":"#000000","color_description_2":"#000000","button_type":"block-button"}}},"block_order":["6297a7b8-61c1-4a07-966c-96ed0d70f51f","ce3a74db-14fc-466f-9b5e-e079103388d7","e8558718-cbeb-47f3-a904-ac59dc08fde8"],"settings":{"show_navigation":true,"show_pagination":true,"loop":true,"autoplay":true,"autoplay_time":5,"fix_height_img":"height_image","position_pagination":"center_bottom","pag_bg":"#000000","type_navigation":"button_icon","margin_bottom_desktop":80,"margin_bottom_table":60,"margin_bottom_mobile":40}},"092f54ed-61fb-406f-8c1e-9c0b94da52dc":{"type":"banner-image-card","blocks":{"template--17837682163998__092f54ed-61fb-406f-8c1e-9c0b94da52dc-1675847699966fd3a6-0":{"type":"item","settings":{"content_position":"content-top-left","content_alignment":"left","hover_item":"zoom_image","background_content":"","image":"shopify:\/\/shop_images\/banner1_1.png","overlay_banner":0,"fix_height_image":false,"height_image_mobile":50,"title":"","sub_title":"","font_size_title":36,"color_title":"#000","color_background_title":"#fff","font_size_sub_title":24,"color_sub_title":"#000","color_background_sub_title":"","button_type":"normal-button","button_label":"","link":""}},"template--17837682163998__092f54ed-61fb-406f-8c1e-9c0b94da52dc-1675847699966fd3a6-1":{"type":"item","settings":{"content_position":"content-bottom-center","content_alignment":"left","hover_item":"zoom_image","background_content":"","image":"shopify:\/\/shop_images\/banner2_1.png","overlay_banner":0,"fix_height_image":false,"height_image_mobile":50,"title":"","sub_title":"","font_size_title":36,"color_title":"#000","color_background_title":"#fff","font_size_sub_title":24,"color_sub_title":"#000","color_background_sub_title":"","button_type":"block-button","button_label":"","link":""}},"template--17837682163998__092f54ed-61fb-406f-8c1e-9c0b94da52dc-1675847699966fd3a6-2":{"type":"item","settings":{"content_position":"content-bottom-center","content_alignment":"left","hover_item":"zoom_image","background_content":"","image":"shopify:\/\/shop_images\/banner3.png","overlay_banner":0,"fix_height_image":false,"height_image_mobile":50,"title":"","sub_title":"","font_size_title":36,"color_title":"#000","color_background_title":"#fff","font_size_sub_title":24,"color_sub_title":"#000","color_background_sub_title":"","button_type":"block-button","button_label":"","link":""}}},"block_order":["template--17837682163998__092f54ed-61fb-406f-8c1e-9c0b94da52dc-1675847699966fd3a6-0","template--17837682163998__092f54ed-61fb-406f-8c1e-9c0b94da52dc-1675847699966fd3a6-1","template--17837682163998__092f54ed-61fb-406f-8c1e-9c0b94da52dc-1675847699966fd3a6-2"],"settings":{"width_layout":"container","background_banner":"","title":"","description":"","layout":"layout_2","padding_top":0,"padding_top_mobile":0,"padding_bottom":0,"margin_top_desktop":0,"margin_top_table":0,"margin_top_mobile":0,"margin_bottom_desktop":80,"margin_bottom_table":60,"margin_bottom_mobile":40}},"97ffcdfb-7c1a-458a-9b25-bfaeaa5b8597":{"type":"featured-collection","settings":{"width_layout":"container","title":"Product by","description":"","display_type":"tab","collection":"","background_color":"","padding_top_bottom":0,"products_to_show":8,"column_number":"4","collection_list":["fruit"],"style_button_tab":"tp-box-button__style-2","font_size_button":16,"font_weight_button_tab":400,"layout_slider":"layout-slider-1","show_navigation":true,"sliders_perview":"4","title_banner":"Shop Pet Portraits","description_banner":"<p>Professionally designed based on your pet photos. Surprise the pet parent in your life with a truly unforgettable gift.<\/p>","position_collection":"position_left","product_item_layout":"layout_1","type_button":"normal","text_button":"","mobile_columns":"2","margin_bottom_desktop":80,"margin_bottom_table":60,"margin_bottom_mobile":40}},"f2fa2f8b-f946-450d-a161-b81a77d00243":{"type":"banner-slide","blocks":{"template--15917315129538__f2fa2f8b-f946-450d-a161-b81a77d00243-1667980420cb06428d-0":{"type":"bnslide_item","settings":{"position_countdown":"left-countdown","image":"shopify:\/\/shop_images\/banner-o2_bdbeb0ca-0349-4790-8b8.png","title":"Save off","percent":"50%","sub_title":"New Offer Products","cd_year":2023,"cd_month":"12","cd_days":"28","color_text_count_down":"#ffffff","color_bg_count_down":"#ffac10","link_button":"","button_type":"round-button"}},"template--15917315129538__f2fa2f8b-f946-450d-a161-b81a77d00243-1667980420cb06428d-1":{"type":"bnslide_item","settings":{"position_countdown":"right-countdown","image":"shopify:\/\/shop_images\/Banner_084ea473-e04a-491d-9baf-1.png","title":"Save off","percent":"40%","sub_title":"New Offer Products","cd_year":2023,"cd_month":"11","cd_days":"28","color_text_count_down":"#ffffff","color_bg_count_down":"#8dbbff","link_button":"","button_type":"round-button"}},"template--15917315129538__f2fa2f8b-f946-450d-a161-b81a77d00243-1667980420cb06428d-2":{"type":"bnslide_item","settings":{"position_countdown":"right-countdown","image":"shopify:\/\/shop_images\/Banner_6.png","title":"Save off","percent":"30%","sub_title":"New Offer Products","cd_year":2023,"cd_month":"12","cd_days":"29","color_text_count_down":"#ffffff","color_bg_count_down":"#71af19","link_button":"","button_type":"round-button"}}},"block_order":["template--15917315129538__f2fa2f8b-f946-450d-a161-b81a77d00243-1667980420cb06428d-0","template--15917315129538__f2fa2f8b-f946-450d-a161-b81a77d00243-1667980420cb06428d-1","template--15917315129538__f2fa2f8b-f946-450d-a161-b81a77d00243-1667980420cb06428d-2"],"settings":{"width_layout":"width-full","show_navigation":true,"show_pagination":true,"margin_bottom_desktop":80,"margin_bottom_table":60,"margin_bottom_mobile":40,"pagi_color":"#ffac10"}},"99d6ad25-5245-4a91-90a8-16dc25b8c211":{"type":"service","blocks":{"1bff39c0-20ef-4c96-87d0-c434c6a2b1af":{"type":"service_item","settings":{"image_service":"shopify:\/\/shop_images\/Icon_4.png","title_service":"Free Worldwide Shipping","description_service":"Lorem ipsum dolor sit amet, consectetur adipiscing","padding_top_bottom":0,"background_item_service":"rgba(0,0,0,0)","service_title":"#000000","service_brief":"#909090","font_size_title":16,"font_size_description":16,"link_service":""}},"4ddb583b-1e40-46a2-b8e9-234dc0da8142":{"type":"service_item","settings":{"image_service":"shopify:\/\/shop_images\/Icon_1.png","title_service":"Payment method Transfer","description_service":"Lorem ipsum dolor sit amet, consectetur adipiscing","padding_top_bottom":0,"background_item_service":"rgba(0,0,0,0)","service_title":"#000000","service_brief":"#909090","font_size_title":16,"font_size_description":16,"link_service":""}},"26a97769-bbc3-42f9-a047-29e85cb110d0":{"type":"service_item","settings":{"image_service":"shopify:\/\/shop_images\/Icon_2.png","title_service":"24\/7 Free Support","description_service":"Lorem ipsum dolor sit amet, consectetur adipiscing","padding_top_bottom":0,"background_item_service":"rgba(0,0,0,0)","service_title":"#000000","service_brief":"#909090","font_size_title":16,"font_size_description":16,"link_service":""}}},"block_order":["1bff39c0-20ef-4c96-87d0-c434c6a2b1af","4ddb583b-1e40-46a2-b8e9-234dc0da8142","26a97769-bbc3-42f9-a047-29e85cb110d0"],"settings":{"width_layout":"container","title":"","description":"","gap_item":20,"layout_service":"layout-service-1","max_width_image":"none","service_bg":"rgba(0,0,0,0)","show_border_right":false,"margin_bottom_desktop":80,"margin_bottom_table":60,"margin_bottom_mobile":40}},"30647637-a33c-489c-a714-a9a0047ae65e":{"type":"border","settings":{"type_border":"border_type1","border_width":"container","color_border":"#e5e5e5","height_border":1,"margin_bottom_desktop":10,"margin_bottom_table":10,"margin_bottom_mobile":10}},"cbbe8c71-160c-4fad-9fa6-b9541220cf35":{"type":"border","settings":{"type_border":"border_type1","border_width":"container","color_border":"#e5e5e5","height_border":1,"margin_bottom_desktop":80,"margin_bottom_table":60,"margin_bottom_mobile":40}}},"order":["ea31e7c8-131d-446c-b8f4-0919916ec80e","092f54ed-61fb-406f-8c1e-9c0b94da52dc","97ffcdfb-7c1a-458a-9b25-bfaeaa5b8597","f2fa2f8b-f946-450d-a161-b81a77d00243","99d6ad25-5245-4a91-90a8-16dc25b8c211","30647637-a33c-489c-a714-a9a0047ae65e","cbbe8c71-160c-4fad-9fa6-b9541220cf35"]}