{"sections":{"ea31e7c8-131d-446c-b8f4-0919916ec80e":{"type":"slide","blocks":{"6297a7b8-61c1-4a07-966c-96ed0d70f51f":{"type":"slide_item","settings":{"image":"shopify:\/\/shop_images\/organic-slider-1.png","overlay_slide":0,"slider_effect":"fadeInDown","position_content":"left-content","text_align_content":"text_left","sub_title":"Healthy Days","title":"<p>Italian Tomato Traditions<\/p>","description_1":"<p>Special Offers<\/p>","description_2":"","slide_url":"","font_size_subtitle":18,"font_size_title":50,"font_size_description":16,"color_subtitle":"#ffffff","color_title":"#ffffff","color_description":"#ffffff","color_description_2":"#000000","button_type":"block-button"}},"ce3a74db-14fc-466f-9b5e-e079103388d7":{"type":"slide_item","settings":{"image":"shopify:\/\/shop_images\/organic-slider-1.png","overlay_slide":0,"slider_effect":"fadeInLeft","position_content":"left-content","text_align_content":"text_left","sub_title":"Healthy Days","title":"<p>Italian Tomato Traditions<\/p>","description_1":"<p>Special Offers<\/p>","description_2":"","slide_url":"","font_size_subtitle":18,"font_size_title":50,"font_size_description":16,"color_subtitle":"#ffffff","color_title":"#ffffff","color_description":"#ffffff","color_description_2":"#000000","button_type":"block-button"}},"e8558718-cbeb-47f3-a904-ac59dc08fde8":{"type":"slide_item","settings":{"image":"shopify:\/\/shop_images\/organic-slider-1.png","overlay_slide":0,"slider_effect":"fadeInUp","position_content":"left-content","text_align_content":"text_left","sub_title":"Healthy Days","title":"<p>Italian Tomato Traditions<\/p>","description_1":"<p>Special Offers<\/p>","description_2":"","slide_url":"","font_size_subtitle":18,"font_size_title":50,"font_size_description":16,"color_subtitle":"#ffffff","color_title":"#ffffff","color_description":"#ffffff","color_description_2":"#000000","button_type":"block-button"}}},"block_order":["6297a7b8-61c1-4a07-966c-96ed0d70f51f","ce3a74db-14fc-466f-9b5e-e079103388d7","e8558718-cbeb-47f3-a904-ac59dc08fde8"],"settings":{"show_navigation":true,"show_pagination":true,"loop":true,"autoplay":false,"autoplay_time":5,"fix_height_img":"height_image","position_pagination":"center_bottom","pag_bg":"#f6f6f6","type_navigation":"button_icon","margin_bottom_desktop":80,"margin_bottom_table":60,"margin_bottom_mobile":40}},"0445a961-f34f-495a-ae49-c4dcbb9a75e0":{"type":"featured-collection","settings":{"width_layout":"container","title":"Arrival Products","description":"<p>Top highlights this season<\/p>","display_type":"slide","collection":"strawberry","background_color":"","padding_top_bottom":0,"products_to_show":8,"column_number":"4","collection_list":[],"style_button_tab":"tp-box-button__style-2","font_size_button":16,"font_weight_button_tab":400,"layout_slider":"layout-slider-4","show_navigation":true,"sliders_perview":"4","title_banner":"Shop Pet Portraits","description_banner":"<p>Professionally designed based on your pet photos. Surprise the pet parent in your life with a truly unforgettable gift.<\/p>","position_collection":"position_left","product_item_layout":"layout_1","type_button":"normal","text_button":"Shop now","mobile_columns":"2","margin_bottom_desktop":80,"margin_bottom_table":60,"margin_bottom_mobile":40}},"f2fa2f8b-f946-450d-a161-b81a77d00243":{"type":"banner-slide","blocks":{"template--15917315129538__f2fa2f8b-f946-450d-a161-b81a77d00243-1667980420cb06428d-0":{"type":"bnslide_item","settings":{"position_countdown":"right-countdown","image":"shopify:\/\/shop_images\/Banner_084ea473-e04a-491d-9baf-1.png","title":"Save off","percent":"50%","sub_title":"New Offer Products","cd_year":2023,"cd_month":"12","cd_days":"28","color_text_count_down":"#ffffff","color_bg_count_down":"#ffac10","link_button":"","button_type":"round-button"}},"template--15917315129538__f2fa2f8b-f946-450d-a161-b81a77d00243-1667980420cb06428d-1":{"type":"bnslide_item","settings":{"position_countdown":"right-countdown","image":"shopify:\/\/shop_images\/Banner_6.png","title":"Save off","percent":"40%","sub_title":"New Offer Products","cd_year":2023,"cd_month":"11","cd_days":"28","color_text_count_down":"#ffffff","color_bg_count_down":"#8dbbff","link_button":"","button_type":"round-button"}},"template--15917315129538__f2fa2f8b-f946-450d-a161-b81a77d00243-1667980420cb06428d-2":{"type":"bnslide_item","settings":{"position_countdown":"right-countdown","image":"shopify:\/\/shop_images\/Banner_6.png","title":"Save off","percent":"30%","sub_title":"New Offer Products","cd_year":2023,"cd_month":"12","cd_days":"29","color_text_count_down":"#ffffff","color_bg_count_down":"#71af19","link_button":"","button_type":"round-button"}}},"block_order":["template--15917315129538__f2fa2f8b-f946-450d-a161-b81a77d00243-1667980420cb06428d-0","template--15917315129538__f2fa2f8b-f946-450d-a161-b81a77d00243-1667980420cb06428d-1","template--15917315129538__f2fa2f8b-f946-450d-a161-b81a77d00243-1667980420cb06428d-2"],"settings":{"width_layout":"width-full","show_navigation":true,"show_pagination":true,"margin_bottom_desktop":80,"margin_bottom_table":60,"margin_bottom_mobile":40,"pagi_color":"#ffac10"}},"6800ecd5-bd07-4c97-8735-53679da8829b":{"type":"tp-partner","blocks":{"template--15348165378254__6800ecd5-bd07-4c97-8735-53679da8829b-1675654922464860f2-0":{"type":"item","settings":{"text":"Item","item_image":"shopify:\/\/shop_images\/lg3_2.png","item_link":""}},"template--15348165378254__6800ecd5-bd07-4c97-8735-53679da8829b-1675654922464860f2-1":{"type":"item","settings":{"text":"Item","item_image":"shopify:\/\/shop_images\/lg3_2.png","item_link":""}},"template--15348165378254__6800ecd5-bd07-4c97-8735-53679da8829b-1675654922464860f2-2":{"type":"item","settings":{"text":"Item","item_image":"shopify:\/\/shop_images\/lg3_2.png","item_link":""}},"template--15348165378254__6800ecd5-bd07-4c97-8735-53679da8829b-1675654922464860f2-3":{"type":"item","settings":{"text":"Item","item_image":"shopify:\/\/shop_images\/lg3_2.png","item_link":""}},"template--15348165378254__6800ecd5-bd07-4c97-8735-53679da8829b-1675654922464860f2-4":{"type":"item","settings":{"text":"Item","item_image":"shopify:\/\/shop_images\/lg3_2.png","item_link":""}}},"block_order":["template--15348165378254__6800ecd5-bd07-4c97-8735-53679da8829b-1675654922464860f2-0","template--15348165378254__6800ecd5-bd07-4c97-8735-53679da8829b-1675654922464860f2-1","template--15348165378254__6800ecd5-bd07-4c97-8735-53679da8829b-1675654922464860f2-2","template--15348165378254__6800ecd5-bd07-4c97-8735-53679da8829b-1675654922464860f2-3","template--15348165378254__6800ecd5-bd07-4c97-8735-53679da8829b-1675654922464860f2-4"],"settings":{"partner_config":"slide_partner","margin_bottom_desktop":80,"margin_bottom_table":60,"margin_bottom_mobile":40}},"30647637-a33c-489c-a714-a9a0047ae65e":{"type":"border","settings":{"type_border":"border_type1","border_width":"container","color_border":"#e5e5e5","height_border":1,"margin_bottom_desktop":10,"margin_bottom_table":10,"margin_bottom_mobile":10}},"cbbe8c71-160c-4fad-9fa6-b9541220cf35":{"type":"border","settings":{"type_border":"border_type1","border_width":"container","color_border":"#e5e5e5","height_border":1,"margin_bottom_desktop":80,"margin_bottom_table":60,"margin_bottom_mobile":40}},"97ffcdfb-7c1a-458a-9b25-bfaeaa5b8597":{"type":"featured-collection","settings":{"width_layout":"container","title":"Green Organic","description":"","display_type":"tab","collection":"","background_color":"","padding_top_bottom":0,"products_to_show":8,"column_number":"4","collection_list":["fruit"],"style_button_tab":"tp-box-button__style-2","font_size_button":16,"font_weight_button_tab":400,"layout_slider":"layout-slider-1","show_navigation":true,"sliders_perview":"4","title_banner":"Shop Pet Portraits","description_banner":"<p>Professionally designed based on your pet photos. Surprise the pet parent in your life with a truly unforgettable gift.<\/p>","position_collection":"position_left","product_item_layout":"layout_1","type_button":"normal","text_button":"","mobile_columns":"2","margin_bottom_desktop":80,"margin_bottom_table":60,"margin_bottom_mobile":40}},"b2d54e4f-c40a-499e-90e9-f01b5d846066":{"type":"newsletter","blocks":{"template--15348165378254__b2d54e4f-c40a-499e-90e9-f01b5d846066-1675669094b2a0b517-0":{"type":"paragraph","settings":{"text":"<p>Subscribe<\/p>","description_newletter":"Get e-mail updates about our latest shop and special offers"}},"template--15348165378254__b2d54e4f-c40a-499e-90e9-f01b5d846066-1675669094b2a0b517-1":{"type":"email_form","settings":{}}},"block_order":["template--15348165378254__b2d54e4f-c40a-499e-90e9-f01b5d846066-1675669094b2a0b517-0","template--15348165378254__b2d54e4f-c40a-499e-90e9-f01b5d846066-1675669094b2a0b517-1"],"settings":{"display_layout":"newsletter-layout_3","background_img":"shopify:\/\/shop_images\/Bg_37.png","newsletter_background":"rgba(0,0,0,0)","newsletter_content":"#ffffff","color_bg_button":"#90b165","color_text_button":"#ffffff","color_newsletter":"#000000","show_social":false,"padding_top":80,"padding_bottom":80,"margin_bottom_desktop":80}}},"order":["ea31e7c8-131d-446c-b8f4-0919916ec80e","0445a961-f34f-495a-ae49-c4dcbb9a75e0","f2fa2f8b-f946-450d-a161-b81a77d00243","6800ecd5-bd07-4c97-8735-53679da8829b","30647637-a33c-489c-a714-a9a0047ae65e","cbbe8c71-160c-4fad-9fa6-b9541220cf35","97ffcdfb-7c1a-458a-9b25-bfaeaa5b8597","b2d54e4f-c40a-499e-90e9-f01b5d846066"]}