{"sections":{"1660633109a295440e":{"type":"slide","blocks":{"74ab9d13-63bb-47a9-9a76-416e82c8ca90":{"type":"slide_item","settings":{"image":"shopify:\/\/shop_images\/Slider_4.png","overlay_slide":0,"slider_effect":"fadeInUp","position_content":"left-content","text_align_content":"text_left","sub_title":"Poolside daze","title":"<p>Oasis Scallop Scoop <\/p><p>Back Knitted<\/p>","description_1":"","description_2":"","slide_url":"shopify:\/\/collections\/accessories","font_size_subtitle":18,"font_size_title":50,"font_size_description":18,"color_subtitle":"#ffffff","color_title":"#ffffff","color_description":"#ffffff","color_description_2":"","button_type":"tp-btn__primary"}},"00da59a4-14e5-4666-bc10-f5e42daddcfe":{"type":"slide_item","settings":{"image":"shopify:\/\/shop_images\/slider-accessories-2.png","overlay_slide":0,"slider_effect":"fadeInUp","position_content":"left-content","text_align_content":"text_left","sub_title":"New In: Bags & Purses","title":"<p>Uniquely catering <\/p><p>to your <\/p><p>every need.<\/p>","description_1":"","description_2":"","slide_url":"shopify:\/\/collections\/accessories","font_size_subtitle":18,"font_size_title":50,"font_size_description":18,"color_subtitle":"#ffffff","color_title":"#ffffff","color_description":"#ffffff","color_description_2":"","button_type":"tp-btn__primary"}},"a701c563-7473-4964-b0ee-5afcbc9c45cf":{"type":"slide_item","settings":{"image":"shopify:\/\/shop_images\/slider-accessories-3.png","overlay_slide":0,"slider_effect":"fadeInUp","position_content":"left-content","text_align_content":"text_left","sub_title":"New In: Bags & Purses","title":"<p>Hand-picked<\/p><p> style with you <\/p><p>in mind<\/p>","description_1":"","description_2":"","slide_url":"shopify:\/\/collections\/accessories","font_size_subtitle":18,"font_size_title":50,"font_size_description":18,"color_subtitle":"#ffffff","color_title":"#ffffff","color_description":"#ffffff","color_description_2":"","button_type":"tp-btn__primary"}}},"block_order":["74ab9d13-63bb-47a9-9a76-416e82c8ca90","00da59a4-14e5-4666-bc10-f5e42daddcfe","a701c563-7473-4964-b0ee-5afcbc9c45cf"],"settings":{"show_navigation":true,"show_pagination":true,"loop":true,"autoplay":false,"autoplay_time":5,"fix_height_img":"height_by_theme","position_pagination":"center_bottom","pag_bg":"#ffffff","type_navigation":"button_icon","margin_bottom_desktop":80,"margin_bottom_table":60,"margin_bottom_mobile":40}},"c840d9ac-7766-4e34-9f33-8d3b2e264f8e":{"type":"tp-title-section","settings":{"heading":"Customer Favorites","sub_title":"<p>#it's soft girl storepify<\/p>","show_icon":false,"button_label":"View all","link":"","show_button":false,"display_type":"layout_2","position_title":"text-center","padding_top":0,"padding_bottom":0,"font-size_title":36,"font_size_title_mobile":30,"font-weight_title":500,"font-size_sub_title":47,"background_title":"","color_title":"#000000","color_sub_title":"#909090","color_button":"#000000","margin_bottom_desktop":30,"margin_bottom_table":30,"margin_bottom_mobile":30}},"1660636652392bb31c":{"type":"featured-collection","settings":{"width_layout":"container","title":"","description":"","display_type":"normal","collection":"accessories","background_color":"","padding_top_bottom":0,"products_to_show":10,"column_number":"5","collection_list":[],"style_button_tab":"tp-box-button__style-1","margin_bottom_button":30,"font_size_button":16,"font_weight_button_tab":400,"text_uppercase":false,"layout_slider":"layout-slider-1","show_navigation":true,"show_pagigation":true,"sliders_perview":"4","title_banner":"Shop Pet Portraits","description_banner":"<p>Professionally designed based on your pet photos. Surprise the pet parent in your life with a truly unforgettable gift.<\/p>","position_collection":"position_left","product_item_layout":"use_global","type_button":"normal","text_button":"View More","button_type":"tp-btn__primary","mobile_columns":"2","margin_bottom_desktop":80,"margin_bottom_table":60,"margin_bottom_mobile":40}},"aba9b5e0-1506-46fc-88f3-98726ef142eb":{"type":"banner-slide","blocks":{"template--15913573253314__aba9b5e0-1506-46fc-88f3-98726ef142eb-1667639577c6dc647d-0":{"type":"bnslide_item","settings":{"position_countdown":"right-countdown","image":"shopify:\/\/shop_images\/Body_1.png","title":"Save off","percent":"50%","sub_title":"New Offer Products","cd_year":2023,"cd_month":"12","cd_days":"12","color_text_count_down":"#ffffff","color_bg_count_down":"#0088cc","link_button":"","button_type":"tp-btn__primary"}},"template--15913573253314__aba9b5e0-1506-46fc-88f3-98726ef142eb-1667639577c6dc647d-1":{"type":"bnslide_item","settings":{"position_countdown":"right-countdown","image":"shopify:\/\/shop_images\/test.png","title":"Save off","percent":"50%","sub_title":"New Offer Products","cd_year":2023,"cd_month":"12","cd_days":"12","color_text_count_down":"#ffffff","color_bg_count_down":"#0088cc","link_button":"","button_type":"round-button"}}},"block_order":["template--15913573253314__aba9b5e0-1506-46fc-88f3-98726ef142eb-1667639577c6dc647d-0","template--15913573253314__aba9b5e0-1506-46fc-88f3-98726ef142eb-1667639577c6dc647d-1"],"settings":{"width_layout":"width-full","show_navigation":true,"show_pagination":true,"margin_bottom_desktop":80,"margin_bottom_table":60,"margin_bottom_mobile":40,"pagi_color":"#000000"}},"166035823932d23f32":{"type":"list-collection","disabled":true,"settings":{"width_section":"container","background_collection":"","heading":"Popular Categories","display_type_collection":"slide","border_radius_image":false,"hover_image":"zoom","gap_item":30,"color_title":"#000000","fz_title_collection":18,"slide_perview":"4","show_navigation":true,"show_count_product":true,"show_btn_shop_now":false,"style_title_collection":"style_1","description":"","text_button":"Shop collection","link_button_banner":"","button_type":"tp-btn__primary","button_title":"Shop Now","margin_bottom_desktop":80,"margin_bottom_table":40,"margin_bottom_mobile":30}},"a7dcb14e-26ff-4377-9ee4-11a5f9493683":{"type":"featured-product","settings":{"product":"long-quilted-overshirt","background":"shopify:\/\/shop_images\/Group_861_c9aeddd0-6227-4cb3-9a52-1f5c38dbeae8.png","background_color":"#ecf9ff","margin_bottom_desktop":50,"margin_bottom_table":40,"margin_bottom_mobile":30}},"1660638813395ef623":{"type":"tp-title-section","settings":{"heading":"Latest News","sub_title":"<p>#to who loves fashion<\/p>","show_icon":false,"button_label":"View all","link":"","show_button":false,"display_type":"layout_2","position_title":"text-center","padding_top":0,"padding_bottom":0,"font-size_title":36,"font_size_title_mobile":30,"font-weight_title":500,"font-size_sub_title":47,"background_title":"","color_title":"#000000","color_sub_title":"#909090","color_button":"#000000","margin_bottom_desktop":30,"margin_bottom_table":30,"margin_bottom_mobile":30}},"16606388950089d05f":{"type":"lastest-news","settings":{"blog":"shopify-blog","width_blog":"full_width","display_layout":"layout_1","position_content":"center","post_limit":3,"gap_item_blog":30,"box_shadow_item":false,"show_date":true,"show_button_discover":true,"content_text":"#000000","rgb_image":0,"margin_bottom_desktop":80,"margin_bottom_table":60,"margin_bottom_mobile":40}},"166245776237307677":{"type":"border","settings":{"type_border":"border_type1","border_width":"container","color_border":"#e5e5e5","height_border":1,"margin_bottom_desktop":80,"margin_bottom_table":60,"margin_bottom_mobile":40}},"1662448889d177d41b":{"type":"service","blocks":{"1d59b01f-0624-47ce-ab96-9754f3f28615":{"type":"service_item","settings":{"image_service":"shopify:\/\/shop_images\/service-3-4.png","title_service":"Return Shipping","description_service":"On order over $150","padding_top_bottom":20,"background_item_service":"rgba(0,0,0,0)","service_title":"#000000","service_brief":"#909090","font_size_title":16,"font_size_description":16,"link_service":""}},"b89585e4-52a0-4584-a713-d03a5cc5edef":{"type":"service_item","settings":{"image_service":"shopify:\/\/shop_images\/service-3-1.png","title_service":"24\/7 Customer services","description_service":"Call us 24\/7 at 123-456-789","padding_top_bottom":20,"background_item_service":"rgba(0,0,0,0)","service_title":"#000000","service_brief":"#909090","font_size_title":16,"font_size_description":16,"link_service":""}},"5f0bab3a-f036-46c3-9b33-667aba4803ca":{"type":"service_item","settings":{"image_service":"shopify:\/\/shop_images\/service-3-3.png","title_service":"12 - Month Warranty","description_service":"On all ours products","padding_top_bottom":20,"background_item_service":"rgba(0,0,0,0)","service_title":"#000000","service_brief":"#909090","font_size_title":16,"font_size_description":16,"link_service":""}},"51f7b3af-c475-432b-b6b3-b223b2caabc8":{"type":"service_item","settings":{"image_service":"shopify:\/\/shop_images\/service-3-2.png","title_service":"Support","description_service":"We stand behind our products","padding_top_bottom":20,"background_item_service":"rgba(0,0,0,0)","service_title":"#000000","service_brief":"#909090","font_size_title":16,"font_size_description":16,"link_service":""}}},"block_order":["1d59b01f-0624-47ce-ab96-9754f3f28615","b89585e4-52a0-4584-a713-d03a5cc5edef","5f0bab3a-f036-46c3-9b33-667aba4803ca","51f7b3af-c475-432b-b6b3-b223b2caabc8"],"settings":{"width_layout":"container","title":"","description":"","content_alignment":"text-center","gap_item":0,"layout_service":"layout-service-1","max_width_image":"80px","service_bg":"rgba(0,0,0,0)","sv_pd_top":0,"sv_pd_bottom":0,"show_border_right":false,"margin_bottom_desktop":80,"margin_bottom_table":60,"margin_bottom_mobile":40}},"1660639033818aed12":{"type":"banner-image-card","blocks":{"9c24cb01-5827-4c49-948a-62d3ab04e4b0":{"type":"item","settings":{"content_position":"content-center","content_alignment":"left","hover_item":"zoom_image","use_effect_hover":false,"background_content":"","image":"shopify:\/\/shop_images\/banner1.png","overlay_banner":0,"fix_height_image":false,"height_image_mobile":50,"title":"","sub_title":"","font_size_title":36,"color_title":"#000000","color_background_title":"#ffffff","font_size_sub_title":24,"color_sub_title":"#000000","color_background_sub_title":"","button_type":"tp-btn__primary","button_label":"Already up to 80% off","link":"shopify:\/\/collections\/accessories"}},"1f7e5b0f-fa98-43cc-ac46-d79553e769e4":{"type":"item","settings":{"content_position":"content-center","content_alignment":"left","hover_item":"zoom_image","use_effect_hover":false,"background_content":"","image":"shopify:\/\/shop_images\/banner2.png","overlay_banner":0,"fix_height_image":false,"height_image_mobile":50,"title":"","sub_title":"","font_size_title":36,"color_title":"#000000","color_background_title":"#ffffff","font_size_sub_title":24,"color_sub_title":"#000000","color_background_sub_title":"","button_type":"tp-btn__primary","button_label":"Get 15% off everything","link":"shopify:\/\/collections\/accessories"}}},"block_order":["9c24cb01-5827-4c49-948a-62d3ab04e4b0","1f7e5b0f-fa98-43cc-ac46-d79553e769e4"],"settings":{"width_layout":"width-full","gap_item":0,"background_banner":"","title":"","description":"","content_alignment":"text-center","layout":"layout_1","absolute_content":true,"padding_top":0,"padding_top_mobile":0,"padding_bottom":0,"margin_top_desktop":0,"margin_top_table":0,"margin_top_mobile":0,"margin_bottom_desktop":80,"margin_bottom_table":60,"margin_bottom_mobile":40}}},"order":["1660633109a295440e","c840d9ac-7766-4e34-9f33-8d3b2e264f8e","1660636652392bb31c","aba9b5e0-1506-46fc-88f3-98726ef142eb","166035823932d23f32","a7dcb14e-26ff-4377-9ee4-11a5f9493683","1660638813395ef623","16606388950089d05f","166245776237307677","1662448889d177d41b","1660639033818aed12"]}