{"sections":{"1662455352bf46845e":{"type":"banner-image-card","blocks":{"214c4e64-1511-43aa-bf64-33b7d803a827":{"type":"item","settings":{"content_position":"content-center","content_alignment":"left","hover_item":"none","use_effect_hover":true,"background_content":"","image":"shopify:\/\/shop_images\/image-banner-bags-1.png","overlay_banner":0,"fix_height_image":false,"height_image_mobile":50,"title":"<p>End of Summer Sale <\/p>","sub_title":"","font_size_title":36,"color_title":"#000000","color_background_title":"#ffffff","font_size_sub_title":24,"color_sub_title":"#000","color_background_sub_title":"","button_type":"tp-btn__primary","button_label":"Shop Now","link":"shopify:\/\/collections\/bags"}}},"block_order":["214c4e64-1511-43aa-bf64-33b7d803a827"],"settings":{"width_layout":"width-full","background_banner":"","title":"","description":"","layout":"layout_1","padding_top":0,"padding_top_mobile":0,"padding_bottom":0,"margin_top_desktop":0,"margin_top_table":0,"margin_top_mobile":0,"margin_bottom_desktop":80,"margin_bottom_table":60,"margin_bottom_mobile":40}},"165664422642c82cdf":{"type":"featured-collection","settings":{"width_layout":"container","title":"New & Featured","description":"","display_type":"normal","collection":"bags","background_color":"","padding_top_bottom":0,"products_to_show":4,"column_number":"4","collection_list":[],"style_button_tab":"tp-box-button__style-1","font_size_button":16,"font_weight_button_tab":400,"layout_slider":"layout-slider-1","show_navigation":true,"show_pagigation":true,"sliders_perview":"4","title_banner":"Shop Pet Portraits","description_banner":"<p>Professionally designed based on your pet photos. Surprise the pet parent in your life with a truly unforgettable gift.<\/p>","position_collection":"position_left","product_item_layout":"use_global","type_button":"normal","text_button":"View More","button_type":"tp-btn__secondary","mobile_columns":"2","margin_bottom_desktop":80,"margin_bottom_table":60,"margin_bottom_mobile":60}},"166150181728c40aaf":{"type":"banner-image-card","blocks":{"1263add0-6a8c-4da8-827d-9994efbaa6bd":{"type":"item","settings":{"content_position":"content-center-left","content_alignment":"left","hover_item":"zoom_image","use_effect_hover":false,"background_content":"","image":"shopify:\/\/shop_images\/image-banner-bags-3.png","overlay_banner":0,"fix_height_image":false,"height_image_mobile":50,"title":"<p>Crafted For The <\/p><p>Chic In You<\/p>","sub_title":"","font_size_title":36,"color_title":"#ffffff","color_background_title":"rgba(0,0,0,0)","font_size_sub_title":24,"color_sub_title":"#000","color_background_sub_title":"","button_type":"normal-button","button_label":"","link":"shopify:\/\/collections\/bags"}},"19c70a03-d5ea-4702-97a1-de448cc97e8e":{"type":"item","settings":{"content_position":"content-center-right","content_alignment":"center","hover_item":"zoom_image","use_effect_hover":false,"background_content":"","image":"shopify:\/\/shop_images\/image-banner-bags-2.png","overlay_banner":0,"fix_height_image":false,"height_image_mobile":50,"title":"<p>You Are Reflecting<\/p><p>Your Style <\/p>","sub_title":"","font_size_title":36,"color_title":"#ffffff","color_background_title":"rgba(0,0,0,0)","font_size_sub_title":24,"color_sub_title":"#000","color_background_sub_title":"","button_type":"normal-button","button_label":"","link":"shopify:\/\/collections\/bags"}}},"block_order":["1263add0-6a8c-4da8-827d-9994efbaa6bd","19c70a03-d5ea-4702-97a1-de448cc97e8e"],"settings":{"width_layout":"container","background_banner":"","title":"","description":"","layout":"layout_2","padding_top":0,"padding_top_mobile":0,"padding_bottom":0,"margin_top_desktop":0,"margin_top_table":0,"margin_top_mobile":0,"margin_bottom_desktop":80,"margin_bottom_table":60,"margin_bottom_mobile":40}},"1661502063c30bf4f7":{"type":"featured-collection","settings":{"width_layout":"container","title":"New Arrivals","description":"","display_type":"normal","collection":"trending","background_color":"","padding_top_bottom":0,"products_to_show":4,"column_number":"4","collection_list":["bags","accessories"],"style_button_tab":"tp-box-button__style-1","font_size_button":16,"font_weight_button_tab":400,"layout_slider":"layout-slider-1","show_navigation":true,"show_pagigation":true,"sliders_perview":"4","title_banner":"Shop Pet Portraits","description_banner":"<p>Professionally designed based on your pet photos. Surprise the pet parent in your life with a truly unforgettable gift.<\/p>","position_collection":"position_left","product_item_layout":"use_global","type_button":"normal","text_button":"View More","button_type":"tp-btn__secondary","mobile_columns":"2","margin_bottom_desktop":80,"margin_bottom_table":60,"margin_bottom_mobile":60}},"1656644345ad89ad4d":{"type":"our-testimonial","blocks":{"1abb1b4f-3b1c-424a-8bac-d6a07c530522":{"type":"our_testimonial_item","settings":{"image_testimonial":"shopify:\/\/shop_images\/avatar-2.png","title_testimonial":"Love my new purchase","description_testimonial":"Noodlefish pipefish zebra shark beaked salmon hillstream loach New Zealand smelt salmon false moray","name_testimonial":"Maria Emilia","background_testimonial_item":"#f9f9f9"}},"a15a21c3-077c-41c6-911e-b540d21ba238":{"type":"our_testimonial_item","settings":{"image_testimonial":"shopify:\/\/shop_images\/avatar-1.png","title_testimonial":"Love my new purchase","description_testimonial":"Noodlefish pipefish zebra shark beaked salmon hillstream loach New Zealand smelt salmon false moray","name_testimonial":"Maria Emilia","background_testimonial_item":"#f9f9f9"}}},"block_order":["1abb1b4f-3b1c-424a-8bac-d6a07c530522","a15a21c3-077c-41c6-911e-b540d21ba238"],"settings":{"heading":"Our Testimonials","background_testimonial":"#ffffff","display_type":"layout_1","padding_top_bottom":0,"show_pagination":true,"margin_bottom_desktop":80,"margin_bottom_table":60,"margin_bottom_mobile":40}}},"order":["1662455352bf46845e","165664422642c82cdf","166150181728c40aaf","1661502063c30bf4f7","1656644345ad89ad4d"]}