{"sections":{"16606322425b8cd0d3":{"type":"breadcrumb","settings":{"width_layout":"container","position_bread_crumb":"left","pbs_collection":"first","color_background":"#f3f3f3","show_image_collection":false,"margin_bottom_desktop":50,"margin_bottom_table":40,"margin_bottom_mobile":30}},"main":{"type":"main-product","blocks":{"title":{"type":"title","settings":{"use_spacing":true,"margin_bottom_block":10,"prev_change":"","next_change":""}},"price":{"type":"price","settings":{"use_spacing":true,"margin_bottom_block":25}},"90ff711d-1a5a-4aac-883f-ce9ff8b4f705":{"type":"viewing","settings":{"display_form":"display_column","change_text_view":"people are viewing the right now","change_text_sold":"sold in last","show_viewing":true,"show_sold":false,"fv_min":20,"fv_max":100,"time_random":10000,"fv_sold":6,"fv_hour":24,"use_spacing":true,"margin_bottom_block":25}},"62b72ba7-b927-4440-9eda-42d6b2f15b4d":{"type":"variant_picker","settings":{"picker_type":"button","picker_type_active":"#0088cc","picker_type_hover":"#0088cc","width_variant_image":40,"use_spacing":true,"margin_bottom_block":25}},"73a4d26a-4b6b-429f-afd0-2cbaa945f84a":{"type":"box-btn","settings":{"button_type":"tp-btn__primary","use_spacing":true,"margin_bottom_block":10}},"buy_buttons":{"type":"buy_buttons","settings":{"show_dynamic_checkout":true,"text_buy_it_now":"","text_agree_terms_conditions":"<p>I agree with <a href=\"\/pages\/terms-of-service\" target=\"_blank\" title=\"Terms of Service\">Terms & Conditions<\/a><\/p>","color_global":false,"color-button-text":"#000000","color-button-bg":"#ffffff","color-button-border":"#000000","color-button-text-hover":"#ffffff","color-button-bg-hover":"#000000","color-button-border-hover":"#000000","use_spacing":true,"margin_bottom_block":30}},"bcee6f30-94b8-4a9d-9e46-f2e9c73f3ef4":{"type":"wishlist_compare","settings":{"use_dt_wishlist":true,"use_dt_compare":true,"use_dt_share":true,"use_spacing":true,"margin_bottom_block":30,"show_separator_line":true,"show_pinterest":true,"show_instagram":true,"show_facebook":true,"show_twitter":true,"show_copy":true}},"fabb15c5-4926-4e47-97ab-c8093ed23245":{"type":"subscrible_outstock","settings":{"notify_form_title":"Subcribe To Back In Stock Notification","notify_form_mail":"hungkv@templatica.net","notify_form_token_email":"92d24cca-9c59-4501-ac28-704c49d06e7c","notify_form_subject":"Out Of Stock Notification from Storepify Store"}},"c01f5146-b043-446a-8304-06ca501a8ed5":{"type":"product_organization","settings":{"show_vendor":true,"show_sku":true,"show_availability":true,"show_categories":true,"category_text":"Category:","category_type":"first","use_spacing":true,"margin_bottom_block":25}},"126369a1-abb9-482b-a17d-126ff9e07cf0":{"type":"shipping","settings":{"shipping_label":"On all orders over $200","use_spacing":true,"margin_bottom_block":10}},"5e49f17d-9fd7-4680-bf93-f884c553add2":{"type":"estimated_delivery","settings":{"ed_icon":true,"ed_text":"Estimated Delivery","ed_in":7,"ed_delay":3,"ed_additional":"","ed_badges_text":"<p>Guarantee safe & secure checkout<\/p>","use_spacing":true,"margin_bottom_block":0}},"41f824ea-a028-42f9-b761-e9275fe76ec4":{"type":"fbt","settings":{"fbt_heading":"Frequently bought together","fbt_button":"Add To Cart"}}},"block_order":["title","price","90ff711d-1a5a-4aac-883f-ce9ff8b4f705","62b72ba7-b927-4440-9eda-42d6b2f15b4d","73a4d26a-4b6b-429f-afd0-2cbaa945f84a","buy_buttons","bcee6f30-94b8-4a9d-9e46-f2e9c73f3ef4","fabb15c5-4926-4e47-97ab-c8093ed23245","c01f5146-b043-446a-8304-06ca501a8ed5","126369a1-abb9-482b-a17d-126ff9e07cf0","5e49f17d-9fd7-4680-bf93-f884c553add2","41f824ea-a028-42f9-b761-e9275fe76ec4"],"settings":{"width_layout":"container","image_display_type":"thumb_vertical","inner_zoom_image":false,"use_spacing_review":true,"margin_bottom_review":25,"sticky_product_info":true}},"main-product-information":{"type":"main-product-information","blocks":{"ea076908-5598-4939-82d5-95640004e4b5":{"type":"description","settings":{}},"9633974a-ca88-42d6-93bc-ac97f5098dab":{"type":"custom-description","disabled":true,"settings":{"title_description_custom":"Custom Tab","description_custom":"<p>It is a long established fact that a reader will be distracted by the readable content of a page when looking at its layout. The point of using Lorem Ipsum is that it has a more-or-less normal distribution of letters, as opposed to using 'Content here, content here', making it look like readable English. Many desktop publishing packages and web page editors now use Lorem Ipsum as their default model text, and a search for 'lorem ipsum' will uncover many web sites still in their infancy. Various versions have evolved over the years, sometimes by accident, sometimes on purpose (injected humour and the like).<\/p>"}},"d190fa40-78be-4c20-8e59-69799c7ac6a7":{"type":"custom-description","settings":{"title_description_custom":"Shipping & Return","description_custom":"<h1>Shipping policy<\/h1><p>Thank you for shopping with SP4DER. We are committed to ensuring that your order is processed and delivered in a timely manner. Please read through our shipping policy to understand how we handle shipping and delivery of our products.<\/p><h2>Processing Time<\/h2><p>All orders are processed within 1-3 business days. Please note that orders are not shipped or delivered on weekends or holidays. If we are experiencing a high volume of orders, processing times may be slightly delayed. We will notify you via email if there are significant delays.<\/p><h2>Shipping Rates and Delivery Estimates<\/h2><p>Shipping charges for your order will be calculated and displayed at checkout. Delivery estimates vary based on your location and the shipping option you select at checkout:<\/p><ul><li>Standard Shipping: 2-5 business days<\/li><li>Express Shipping: 1-3 business days<\/li><\/ul><p>Please note that these are estimated delivery times and are not guaranteed. Delivery delays can occasionally occur, particularly during peak seasons.<\/p><h2>Shipment Confirmation and Order Tracking<\/h2><p>Once your order has been shipped, you will receive a shipment confirmation email with your tracking number(s). The tracking number will be active within 24 hours. You can track your order's progress using the provided tracking information.<br\/><br\/>Return Policy:<\/p><p><strong>Damaged or Defective Items:<\/strong> If you receive an item that is damaged, defective, or has a printing error, contact us within 14 days of delivery. Please provide clear photos of the issue. Once verified, we will offer a replacement or a full refund at no additional cost to you.<\/p><p><strong>Size and Color Issues:<\/strong> Due to the custom nature of our products, we cannot accept returns or offer refunds for issues related to size, color, or personal preference. We strongly recommend reviewing the size chart and product details before placing an order.<\/p><p><strong>General Returns:<\/strong> As all products are made-to-order, we do not accept returns for items unless they are faulty or damaged. Please ensure that your order details are correct before completing the purchase.<\/p><p><\/p>"}}},"block_order":["ea076908-5598-4939-82d5-95640004e4b5","9633974a-ca88-42d6-93bc-ac97f5098dab","d190fa40-78be-4c20-8e59-69799c7ac6a7"],"settings":{"width_layout":"container","display_type_information":"tab","text_align":"justify","selling_products":true,"selling_products_bgdesc":"#ffffff","selling_products_bgselling":"#ffffff","selling_title":"Best sellers","product_list":["hyperpigmentation-athletic-hoodie","sp4der-hoodie","sp4der-sweatshirt"]}},"1663925088067ce9b8":{"type":"apps","settings":{"include_margins":true}},"product-recommendations":{"type":"product-recommendations","settings":{"width_layout":"container","heading":"You may also like","products_to_show":5,"product_item_layout":"use_global","margin_bottom_desktop":80,"margin_bottom_table":60,"margin_bottom_mobile":40}},"main-recently":{"type":"main-recently","settings":{"width_layout":"container","heading":"Recently viewed","products_to_show":"5","margin_bottom_desktop":80,"margin_bottom_table":60,"margin_bottom_mobile":40}}},"order":["16606322425b8cd0d3","main","main-product-information","1663925088067ce9b8","product-recommendations","main-recently"]}