{"sections":{"16606322425b8cd0d3":{"type":"breadcrumb","settings":{"position_bread_crumb":"left","pbs_collection":"first","color_background":"#f3f3f3","show_image_collection":false,"margin_bottom_desktop":50,"margin_bottom_table":40,"margin_bottom_mobile":30}},"main":{"type":"main-product","blocks":{"title":{"type":"title","settings":{"use_spacing":true,"margin_bottom_block":0}},"price":{"type":"price","settings":{"use_spacing":true,"margin_bottom_block":30}},"c01f5146-b043-446a-8304-06ca501a8ed5":{"type":"product_organization","settings":{"show_vendor":true,"show_sku":true,"show_availability":true,"show_categories":true,"category_text":"Category:","category_type":"first"}},"90ff711d-1a5a-4aac-883f-ce9ff8b4f705":{"type":"viewing","settings":{"display_form":"display_row","change_text_view":"people are viewing the right now","change_text_sold":"sold in last","show_viewing":true,"show_sold":true,"fv_min":20,"fv_max":100,"time_random":10000,"fv_sold":6,"fv_hour":24,"use_spacing":true,"margin_bottom_block":30}},"62b72ba7-b927-4440-9eda-42d6b2f15b4d":{"type":"variant_picker","settings":{"picker_type":"dropdown","picker_type_active":"#57da74","picker_type_hover":"#57da74","use_spacing":false,"margin_bottom_block":0}},"73a4d26a-4b6b-429f-afd0-2cbaa945f84a":{"type":"box-btn","settings":{"button_type":"tp-btn__primary","use_spacing":false,"margin_bottom_block":0}},"buy_buttons":{"type":"buy_buttons","settings":{"show_dynamic_checkout":true,"text_buy_it_now":"","color_global":true,"color-button-text":"#ffffff","color-button-bg":"#18af28","color-button-text-hover":"#ffffff","color-button-bg-hover":"#000000","use_spacing":false,"margin_bottom_block":0}},"2a878e52-8a9e-49f3-a78a-30f9d6f878c4":{"type":"wishlist_compare","settings":{"use_spacing":false,"margin_bottom_block":0,"show_separator_line":true}},"126369a1-abb9-482b-a17d-126ff9e07cf0":{"type":"shipping","settings":{"shipping_label":"On all orders over $200","use_spacing":false,"margin_bottom_block":0}},"5e49f17d-9fd7-4680-bf93-f884c553add2":{"type":"estimated_delivery","settings":{"ed_icon":true,"ed_text":"Estimated Delivery:","ed_in":7,"ed_delay":3,"ed_additional":"","ed_badges_text":"<p>Guarantee safe & secure checkout<\/p>","ed_badges_image":"shopify:\/\/shop_images\/PngItem_3350472.png","use_spacing":false,"margin_bottom_block":0}}},"block_order":["title","price","c01f5146-b043-446a-8304-06ca501a8ed5","90ff711d-1a5a-4aac-883f-ce9ff8b4f705","62b72ba7-b927-4440-9eda-42d6b2f15b4d","73a4d26a-4b6b-429f-afd0-2cbaa945f84a","buy_buttons","2a878e52-8a9e-49f3-a78a-30f9d6f878c4","126369a1-abb9-482b-a17d-126ff9e07cf0","5e49f17d-9fd7-4680-bf93-f884c553add2"],"settings":{"image_display_type":"thumb_vertical","inner_zoom_image":false,"use_spacing_review":true,"margin_bottom_review":30}},"main-product-information":{"type":"main-product-information","blocks":{"ea076908-5598-4939-82d5-95640004e4b5":{"type":"description","settings":{}}},"block_order":["ea076908-5598-4939-82d5-95640004e4b5"],"settings":{"width_layout":"container","display_type_information":"normal","text_align":"justify"}},"1663925088067ce9b8":{"type":"apps","settings":{"include_margins":true}},"product-recommendations":{"type":"product-recommendations","settings":{"heading":"You may also like","products_to_show":4,"product_item_layout":"use_global","margin_bottom_desktop":80,"margin_bottom_table":60,"margin_bottom_mobile":40}},"main-recently":{"type":"main-recently","settings":{"heading":"Recently viewed","products_to_show":"4","margin_bottom_desktop":80,"margin_bottom_table":60,"margin_bottom_mobile":40}}},"order":["16606322425b8cd0d3","main","main-product-information","1663925088067ce9b8","product-recommendations","main-recently"]}