{"sections":{"banner_slide_QGjcGH":{"type":"banner-slide","blocks":{"bnslide_item_KUXRrp":{"type":"bnslide_item","settings":{"position_countdown":"right-countdown","image":"shopify:\/\/shop_images\/ads_landscape_valentine.png","title":"Be UNIQUE!","percent":"30% off","sub_title":"Latest Product Offers","cd_year":2022,"cd_month":"12","cd_days":"28","color_text_count_down":"#ffffff","color_bg_count_down":"#71af19","link_button":"shopify:\/\/collections\/matching-underwear-for-couples","button_type":"tp-btn__secondary"}},"bnslide_item_pgHEX6":{"type":"bnslide_item","disabled":true,"settings":{"position_countdown":"right-countdown","title":"Save off","percent":"50%","sub_title":"New Offer Products","cd_year":2023,"cd_month":"12","cd_days":"28","color_text_count_down":"#ffffff","color_bg_count_down":"#71af19","link_button":"","button_type":"tp-btn__secondary"}},"bnslide_item_rPpJcV":{"type":"bnslide_item","disabled":true,"settings":{"position_countdown":"right-countdown","title":"Save off","percent":"50%","sub_title":"New Offer Products","cd_year":2023,"cd_month":"12","cd_days":"28","color_text_count_down":"#ffffff","color_bg_count_down":"#71af19","link_button":"","button_type":"tp-btn__secondary"}}},"block_order":["bnslide_item_KUXRrp","bnslide_item_pgHEX6","bnslide_item_rPpJcV"],"settings":{"width_layout":"width-full","show_navigation":true,"show_pagination":true,"margin_bottom_desktop":80,"margin_bottom_table":60,"margin_bottom_mobile":40,"pagi_color":"#ffb12b"}},"video_H6rknm":{"type":"video","disabled":true,"settings":{"display_type":"video_upload","cover_image":"shopify:\/\/shop_images\/ads_landscape.png","video_url":"","description":"","sub_title":"","text_title":"Someone just got married","description_upload":"","color_content":"#ffffff","fz_title":40,"button_type":"tp-btn__primary","text_button":"Shop for wedding guest dresses!","link_click":"btn_link","target_bl":true,"link_button":"shopify:\/\/collections\/beach-wedding-guest-dresses","margin_bottom_desktop":15,"margin_bottom_table":15,"margin_bottom_mobile":15}},"4e3fcfb3-92f6-422b-8c70-e54b7de6f75e":{"type":"banner-image-card","blocks":{"template--15634712723662__4e3fcfb3-92f6-422b-8c70-e54b7de6f75e-16724590132656245e-0":{"type":"item","settings":{"content_position":"content-center-left","content_alignment":"left","hover_item":"none","use_effect_hover":false,"background_content":"","image":"shopify:\/\/shop_images\/happy-valentine-day.png","overlay_banner":0,"fix_height_image":true,"height_image_mobile":50,"title":"<p>Custom Cozy Zone<\/p>","sub_title":"<p> Ships Next Day<\/p>","font_size_title":50,"color_title":"#ffffff","color_background_title":"rgba(0,0,0,0)","font_size_sub_title":16,"color_sub_title":"#ffffff","color_background_sub_title":"rgba(0,0,0,0)","button_type":"tp-btn__primary","button_label":"Shop now","link":"shopify:\/\/collections\/custom-thongs"}}},"block_order":["template--15634712723662__4e3fcfb3-92f6-422b-8c70-e54b7de6f75e-16724590132656245e-0"],"disabled":true,"settings":{"width_layout":"container","gap_item":0,"background_banner":"","title":"","description":"","content_alignment":"text-center","layout":"layout_1","absolute_content":true,"padding_top":0,"padding_top_mobile":0,"padding_bottom":0,"margin_top_desktop":0,"margin_top_table":0,"margin_top_mobile":0,"margin_bottom_desktop":30,"margin_bottom_table":30,"margin_bottom_mobile":30}},"6e4b4c2f-8585-45f3-8e78-a8511bd37db3":{"type":"service","blocks":{"edb83e39-0822-44d9-8601-422fc81fa236":{"type":"service_item","settings":{"image_service":"shopify:\/\/shop_images\/sv1.png","title_service":"USA Assembled","description_service":"","padding_top_bottom":0,"background_item_service":"rgba(0,0,0,0)","service_title":"#000000","service_brief":"#909090","font_size_title":16,"font_size_description":16,"link_service":""}},"bab2b132-f474-496f-91c9-5a0ef8d2560e":{"type":"service_item","settings":{"image_service":"shopify:\/\/shop_images\/sv2.png","title_service":"Premium Quality","description_service":"","padding_top_bottom":0,"background_item_service":"rgba(0,0,0,0)","service_title":"#000000","service_brief":"#909090","font_size_title":16,"font_size_description":16,"link_service":""}},"56f90def-e518-4b43-bd4f-664def3d1c4f":{"type":"service_item","settings":{"image_service":"shopify:\/\/shop_images\/sv3.png","title_service":"Satisfaction Guaranteed","description_service":"","padding_top_bottom":0,"background_item_service":"rgba(0,0,0,0)","service_title":"#000000","service_brief":"#909090","font_size_title":16,"font_size_description":16,"link_service":""}},"5bfca8f8-2e08-4ce2-bb5e-a7ec72338a0b":{"type":"service_item","disabled":true,"settings":{"image_service":"shopify:\/\/shop_images\/sv4.png","title_service":"Next Day Delivery","description_service":"","padding_top_bottom":0,"background_item_service":"rgba(0,0,0,0)","service_title":"#000000","service_brief":"#909090","font_size_title":16,"font_size_description":16,"link_service":""}}},"block_order":["edb83e39-0822-44d9-8601-422fc81fa236","bab2b132-f474-496f-91c9-5a0ef8d2560e","56f90def-e518-4b43-bd4f-664def3d1c4f","5bfca8f8-2e08-4ce2-bb5e-a7ec72338a0b"],"settings":{"width_layout":"container","title":"","description":"","content_alignment":"text-center","gap_item":20,"layout_service":"layout-service-1","max_width_image":"80px","service_bg":"#ffffff","sv_pd_top":0,"sv_pd_bottom":0,"show_border_right":false,"margin_bottom_desktop":5,"margin_bottom_table":5,"margin_bottom_mobile":5}},"0916fc69-aee0-47b2-8ee8-8983ac34c3c8":{"type":"border","settings":{"type_border":"border_type1","border_width":"container","color_border":"#e5e5e5","height_border":1,"margin_bottom_desktop":80,"margin_bottom_table":60,"margin_bottom_mobile":40}},"e30ca700-2310-4d4f-b502-8f517f8aac5e":{"type":"banner-image-card","blocks":{"template--15634712723662__e30ca700-2310-4d4f-b502-8f517f8aac5e-16724590132656245e-0":{"type":"item","settings":{"content_position":"content-bottom-left","content_alignment":"left","hover_item":"zoom_image","use_effect_hover":false,"background_content":"rgba(0,0,0,0)","image":"shopify:\/\/shop_images\/c1.webp","overlay_banner":5,"fix_height_image":true,"height_image_mobile":50,"title":"<p>Customize your ornaments<\/p>","sub_title":"","font_size_title":30,"color_title":"#ffffff","color_background_title":"rgba(0,0,0,0)","font_size_sub_title":24,"color_sub_title":"#000000","color_background_sub_title":"","button_type":"tp-btn__secondary","button_label":"Chrismast Ornaments","link":"shopify:\/\/collections\/personalized-christmas-ornaments"}},"template--15634712723662__e30ca700-2310-4d4f-b502-8f517f8aac5e-16724590132656245e-1":{"type":"item","settings":{"content_position":"content-bottom-left","content_alignment":"left","hover_item":"zoom_image","use_effect_hover":false,"background_content":"rgba(0,0,0,0)","overlay_banner":5,"fix_height_image":true,"height_image_mobile":50,"title":"<p>For your pets<\/p>","sub_title":"","font_size_title":30,"color_title":"#ffffff","color_background_title":"rgba(0,0,0,0)","font_size_sub_title":24,"color_sub_title":"#000000","color_background_sub_title":"","button_type":"tp-btn__secondary","button_label":"Send My Gift","link":"shopify:\/\/collections\/personalized-pet-shirts-mugs-ornaments"}},"template--15634712723662__e30ca700-2310-4d4f-b502-8f517f8aac5e-16724590132656245e-2":{"type":"item","settings":{"content_position":"content-bottom-left","content_alignment":"left","hover_item":"zoom_image","use_effect_hover":false,"background_content":"rgba(0,0,0,0)","image":"shopify:\/\/shop_images\/c2.webp","overlay_banner":5,"fix_height_image":true,"height_image_mobile":50,"title":"<p>Personalize your gifts<\/p>","sub_title":"","font_size_title":30,"color_title":"#ffffff","color_background_title":"rgba(0,0,0,0)","font_size_sub_title":24,"color_sub_title":"#000000","color_background_sub_title":"","button_type":"tp-btn__secondary","button_label":"Best friends ornaments","link":"shopify:\/\/collections\/best-friends-ornament"}}},"block_order":["template--15634712723662__e30ca700-2310-4d4f-b502-8f517f8aac5e-16724590132656245e-0","template--15634712723662__e30ca700-2310-4d4f-b502-8f517f8aac5e-16724590132656245e-1","template--15634712723662__e30ca700-2310-4d4f-b502-8f517f8aac5e-16724590132656245e-2"],"disabled":true,"settings":{"width_layout":"container","gap_item":0,"background_banner":"","title":"Latest Collections","description":"","content_alignment":"text-center","layout":"layout_2","absolute_content":true,"padding_top":0,"padding_top_mobile":0,"padding_bottom":0,"margin_top_desktop":0,"margin_top_table":0,"margin_top_mobile":0,"margin_bottom_desktop":80,"margin_bottom_table":60,"margin_bottom_mobile":40}},"848f84a2-3b14-4c3d-99d9-c4a3552a8de0":{"type":"banner-image-card","blocks":{"template--15634712723662__848f84a2-3b14-4c3d-99d9-c4a3552a8de0-1672461104c7bb9a43-0":{"type":"item","settings":{"content_position":"content-bottom-left","content_alignment":"left","hover_item":"zoom_image","use_effect_hover":true,"background_content":"","image":"shopify:\/\/shop_images\/cart.webp","overlay_banner":0,"fix_height_image":true,"height_image_mobile":50,"title":"<p>Kate Spade Sparkle x BloomThis<\/p>","sub_title":"<p>Limited Edition Flowers + Free Gifts<\/p>","font_size_title":36,"color_title":"#ffffff","color_background_title":"rgba(0,0,0,0)","font_size_sub_title":16,"color_sub_title":"#ffffff","color_background_sub_title":"rgba(0,0,0,0)","button_type":"tp-btn__secondary","button_label":"Send Flowers","link":""}}},"block_order":["template--15634712723662__848f84a2-3b14-4c3d-99d9-c4a3552a8de0-1672461104c7bb9a43-0"],"disabled":true,"settings":{"width_layout":"container","gap_item":0,"background_banner":"","title":"Featured collection","description":"","content_alignment":"text-center","layout":"layout_1","absolute_content":true,"padding_top":0,"padding_top_mobile":0,"padding_bottom":0,"margin_top_desktop":0,"margin_top_table":0,"margin_top_mobile":0,"margin_bottom_desktop":80,"margin_bottom_table":60,"margin_bottom_mobile":40}},"d9baee42-dc4c-474b-8a5f-eb6d4b3e21a1":{"type":"banner-image-card","blocks":{"template--15634712723662__d9baee42-dc4c-474b-8a5f-eb6d4b3e21a1-1672461104c7bb9a43-0":{"type":"item","settings":{"content_position":"content-bottom-left","content_alignment":"left","hover_item":"zoom_image","use_effect_hover":false,"background_content":"rgba(0,0,0,0)","image":"shopify:\/\/shop_images\/b3.webp","overlay_banner":5,"fix_height_image":true,"height_image_mobile":50,"title":"<p>Custom pet shirts<\/p>","sub_title":"","font_size_title":30,"color_title":"#ffffff","color_background_title":"rgba(0,0,0,0)","font_size_sub_title":24,"color_sub_title":"#000000","color_background_sub_title":"","button_type":"tp-btn__secondary","button_label":"Shop now","link":"shopify:\/\/collections\/custom-pet-shirts"}},"template--15634712723662__d9baee42-dc4c-474b-8a5f-eb6d4b3e21a1-1672461104c7bb9a43-1":{"type":"item","settings":{"content_position":"content-bottom-left","content_alignment":"left","hover_item":"zoom_image","use_effect_hover":false,"background_content":"rgba(0,0,0,0)","image":"shopify:\/\/shop_images\/b8.webp","overlay_banner":5,"fix_height_image":true,"height_image_mobile":50,"title":"<p>Immortalize your pet<\/p>","sub_title":"","font_size_title":30,"color_title":"#ffffff","color_background_title":"rgba(0,0,0,0)","font_size_sub_title":24,"color_sub_title":"#000000","color_background_sub_title":"","button_type":"tp-btn__secondary","button_label":"Shop now","link":"shopify:\/\/collections\/personalized-pet-shirts-mugs-ornaments"}},"template--15634712723662__d9baee42-dc4c-474b-8a5f-eb6d4b3e21a1-1672461104c7bb9a43-2":{"type":"item","settings":{"content_position":"content-bottom-left","content_alignment":"left","hover_item":"zoom_image","use_effect_hover":false,"background_content":"rgba(0,0,0,0)","image":"shopify:\/\/shop_images\/b2.webp","overlay_banner":5,"fix_height_image":true,"height_image_mobile":50,"title":"<p>Anniversary Gifts by Year<\/p>","sub_title":"","font_size_title":30,"color_title":"#ffffff","color_background_title":"rgba(0,0,0,0)","font_size_sub_title":24,"color_sub_title":"#000000","color_background_sub_title":"","button_type":"tp-btn__secondary","button_label":"Shop now","link":""}}},"block_order":["template--15634712723662__d9baee42-dc4c-474b-8a5f-eb6d4b3e21a1-1672461104c7bb9a43-0","template--15634712723662__d9baee42-dc4c-474b-8a5f-eb6d4b3e21a1-1672461104c7bb9a43-1","template--15634712723662__d9baee42-dc4c-474b-8a5f-eb6d4b3e21a1-1672461104c7bb9a43-2"],"disabled":true,"settings":{"width_layout":"container","gap_item":0,"background_banner":"","title":"","description":"","content_alignment":"text-center","layout":"layout_2","absolute_content":true,"padding_top":0,"padding_top_mobile":0,"padding_bottom":0,"margin_top_desktop":0,"margin_top_table":0,"margin_top_mobile":0,"margin_bottom_desktop":50,"margin_bottom_table":30,"margin_bottom_mobile":30}},"3244a8df-66d5-4a64-961e-e779280c1ddd":{"type":"tp-title-section","disabled":true,"settings":{"heading":"Bestselling Collections","sub_title":"","show_icon":false,"button_label":"View all","link":"","show_button":false,"display_type":"layout_1","position_title":"text-center","padding_top":0,"padding_bottom":0,"font-size_title":36,"font_size_title_mobile":30,"font-weight_title":500,"font-size_sub_title":16,"background_title":"","color_title":"#000000","color_sub_title":"#909090","color_button":"#000000","margin_bottom_desktop":50,"margin_bottom_table":40,"margin_bottom_mobile":30}},"18e1b361-14a3-4697-9b37-e7909044bdbd":{"type":"tp-title-section","disabled":true,"settings":{"heading":"Brand New","sub_title":"","show_icon":false,"button_label":"View all","link":"","show_button":false,"display_type":"layout_1","position_title":"text-center","padding_top":0,"padding_bottom":0,"font-size_title":36,"font_size_title_mobile":30,"font-weight_title":500,"font-size_sub_title":16,"background_title":"","color_title":"#000000","color_sub_title":"#909090","color_button":"#000000","margin_bottom_desktop":20,"margin_bottom_table":20,"margin_bottom_mobile":20}},"852dd079-17bc-4541-a7bd-9d13d816304a":{"type":"featured-collection","settings":{"width_layout":"container","title":"Stylish Underwear Sets for Couples","description":"","display_type":"normal","collection":"matching-underwear-for-couples","background_color":"","padding_top_bottom":0,"products_to_show":4,"column_number":"4","collection_list":["matching-underwear-for-couples"],"style_button_tab":"tp-box-button__style-1","margin_bottom_button":50,"font_size_button":24,"font_weight_button_tab":500,"text_uppercase":false,"layout_slider":"layout-slider-1","show_navigation":true,"show_pagigation":true,"sliders_perview":"4","title_banner":"","description_banner":"","position_collection":"position_left","product_item_layout":"use_global","type_button":"normal","text_button":"See More","button_type":"tp-btn__primary","mobile_columns":"2","margin_bottom_desktop":40,"margin_bottom_table":20,"margin_bottom_mobile":20}},"433bc71b-e0e1-448a-8ff1-59ffcd8d6a6d":{"type":"banner-image-card","blocks":{"template--15634712723662__433bc71b-e0e1-448a-8ff1-59ffcd8d6a6d-1672461104c7bb9a43-0":{"type":"item","settings":{"content_position":"content-bottom-left","content_alignment":"left","hover_item":"zoom_image","use_effect_hover":false,"background_content":"rgba(0,0,0,0)","image":"shopify:\/\/shop_images\/b4.webp","overlay_banner":5,"fix_height_image":true,"height_image_mobile":50,"title":"<p>Couple Valentine Underwears<\/p>","sub_title":"","font_size_title":30,"color_title":"#ffffff","color_background_title":"rgba(0,0,0,0)","font_size_sub_title":24,"color_sub_title":"#000000","color_background_sub_title":"","button_type":"tp-btn__secondary","button_label":"Shop Now","link":"shopify:\/\/collections\/custom-underwear"}},"template--15634712723662__433bc71b-e0e1-448a-8ff1-59ffcd8d6a6d-1672461104c7bb9a43-1":{"type":"item","settings":{"content_position":"content-bottom-left","content_alignment":"left","hover_item":"zoom_image","use_effect_hover":false,"background_content":"rgba(0,0,0,0)","image":"shopify:\/\/shop_images\/b9.webp","overlay_banner":5,"fix_height_image":true,"height_image_mobile":50,"title":"<p>Thongs with Name<\/p>","sub_title":"","font_size_title":30,"color_title":"#ffffff","color_background_title":"rgba(0,0,0,0)","font_size_sub_title":24,"color_sub_title":"#000000","color_background_sub_title":"","button_type":"tp-btn__secondary","button_label":"Shop Now","link":"shopify:\/\/collections\/custom-thongs"}},"template--15634712723662__433bc71b-e0e1-448a-8ff1-59ffcd8d6a6d-1672461104c7bb9a43-2":{"type":"item","settings":{"content_position":"content-bottom-left","content_alignment":"left","hover_item":"zoom_image","use_effect_hover":false,"background_content":"rgba(0,0,0,0)","image":"shopify:\/\/shop_images\/b7.webp","overlay_banner":5,"fix_height_image":true,"height_image_mobile":50,"title":"<p>Personalized Face Boxers<\/p>","sub_title":"","font_size_title":30,"color_title":"#ffffff","color_background_title":"rgba(0,0,0,0)","font_size_sub_title":24,"color_sub_title":"#000000","color_background_sub_title":"","button_type":"tp-btn__secondary","button_label":"Shop now","link":"shopify:\/\/collections\/custom-underwear"}}},"block_order":["template--15634712723662__433bc71b-e0e1-448a-8ff1-59ffcd8d6a6d-1672461104c7bb9a43-0","template--15634712723662__433bc71b-e0e1-448a-8ff1-59ffcd8d6a6d-1672461104c7bb9a43-1","template--15634712723662__433bc71b-e0e1-448a-8ff1-59ffcd8d6a6d-1672461104c7bb9a43-2"],"disabled":true,"settings":{"width_layout":"container","gap_item":0,"background_banner":"","title":"","description":"","content_alignment":"text-center","layout":"layout_2","absolute_content":true,"padding_top":0,"padding_top_mobile":0,"padding_bottom":0,"margin_top_desktop":0,"margin_top_table":0,"margin_top_mobile":0,"margin_bottom_desktop":30,"margin_bottom_table":30,"margin_bottom_mobile":30}},"185da6bd-cdc6-45d0-b037-8cef7d7fe854":{"type":"banner-image-card","blocks":{"template--15634712723662__185da6bd-cdc6-45d0-b037-8cef7d7fe854-1672461104c7bb9a43-0":{"type":"item","settings":{"content_position":"content-bottom-left","content_alignment":"left","hover_item":"zoom_image","use_effect_hover":false,"background_content":"rgba(0,0,0,0)","image":"shopify:\/\/shop_images\/b5.webp","overlay_banner":5,"fix_height_image":true,"height_image_mobile":50,"title":"<p>Snoopy with Hearts Garland<\/p>","sub_title":"","font_size_title":30,"color_title":"#ffffff","color_background_title":"rgba(0,0,0,0)","font_size_sub_title":24,"color_sub_title":"#000000","color_background_sub_title":"","button_type":"tp-btn__secondary","button_label":"Shop now","link":""}},"template--15634712723662__185da6bd-cdc6-45d0-b037-8cef7d7fe854-1672461104c7bb9a43-1":{"type":"item","settings":{"content_position":"content-bottom-left","content_alignment":"left","hover_item":"zoom_image","use_effect_hover":false,"background_content":"rgba(0,0,0,0)","image":"shopify:\/\/shop_images\/b1.webp","overlay_banner":5,"fix_height_image":true,"height_image_mobile":50,"title":"<p>Soleil Stretchy Ball Bead<\/p>","sub_title":"","font_size_title":30,"color_title":"#ffffff","color_background_title":"rgba(0,0,0,0)","font_size_sub_title":24,"color_sub_title":"#000000","color_background_sub_title":"","button_type":"tp-btn__secondary","button_label":"Shop now","link":""}},"template--15634712723662__185da6bd-cdc6-45d0-b037-8cef7d7fe854-1672461104c7bb9a43-2":{"type":"item","settings":{"content_position":"content-bottom-left","content_alignment":"left","hover_item":"zoom_image","use_effect_hover":false,"background_content":"rgba(0,0,0,0)","image":"shopify:\/\/shop_images\/b6.webp","overlay_banner":5,"fix_height_image":true,"height_image_mobile":50,"title":"<p>Disney Birthday Parade<\/p>","sub_title":"","font_size_title":30,"color_title":"#ffffff","color_background_title":"rgba(0,0,0,0)","font_size_sub_title":24,"color_sub_title":"#000000","color_background_sub_title":"","button_type":"tp-btn__secondary","button_label":"Shop now","link":""}}},"block_order":["template--15634712723662__185da6bd-cdc6-45d0-b037-8cef7d7fe854-1672461104c7bb9a43-0","template--15634712723662__185da6bd-cdc6-45d0-b037-8cef7d7fe854-1672461104c7bb9a43-1","template--15634712723662__185da6bd-cdc6-45d0-b037-8cef7d7fe854-1672461104c7bb9a43-2"],"disabled":true,"settings":{"width_layout":"container","gap_item":0,"background_banner":"","title":"","description":"","content_alignment":"text-center","layout":"layout_2","absolute_content":true,"padding_top":0,"padding_top_mobile":0,"padding_bottom":0,"margin_top_desktop":0,"margin_top_table":0,"margin_top_mobile":0,"margin_bottom_desktop":80,"margin_bottom_table":60,"margin_bottom_mobile":40}},"1769a075-c463-48c5-892f-9849ba620201":{"type":"border","disabled":true,"settings":{"type_border":"border_type1","border_width":"full_width","color_border":"#e5e5e5","height_border":1,"margin_bottom_desktop":80,"margin_bottom_table":60,"margin_bottom_mobile":40}},"6dd9eecd-67bf-4153-b590-b2d3f83469c7":{"type":"featured-collection","disabled":true,"settings":{"width_layout":"container","title":"Hoodies","description":"","display_type":"slide","collection":"hoodies","background_color":"","padding_top_bottom":0,"products_to_show":8,"column_number":"4","collection_list":["tops-tees","beach-wedding-guest-dresses","cocktail-dresses-for-wedding","black-wedding-guest-dress"],"style_button_tab":"tp-box-button__style-1","margin_bottom_button":30,"font_size_button":30,"font_weight_button_tab":500,"text_uppercase":false,"layout_slider":"layout-slider-1","show_navigation":true,"show_pagigation":true,"sliders_perview":"4","title_banner":"Shop Pet Portraits","description_banner":"<p>Professionally designed based on your pet photos. Surprise the pet parent in your life with a truly unforgettable gift.<\/p>","position_collection":"position_left","product_item_layout":"use_global","type_button":"normal","text_button":"","button_type":"tp-btn__primary","mobile_columns":"2","margin_bottom_desktop":80,"margin_bottom_table":60,"margin_bottom_mobile":40}},"654c15af-9655-4bb9-a885-0cb03f719eb0":{"type":"banner","blocks":{"453ff8fc-faf9-4823-bcd5-2d0b7f4bfa8c":{"type":"banner_normal","settings":{"layout_banner":"layout-normal_1","position_banner":"left","text_align_content":"text_left","max_width_content":430,"image_banner":"shopify:\/\/shop_images\/andy-holmes-tNlWvhqRRRw-unsplash.jpg","sub_title_banner":"","title_banner":"Flowers & Gifts for All Occasions","description_banner":"No matter what the occasion is, from birthdays to anniversaries, or to express your love and friendship, you’ll be able to find what you need to create special moments with the people you care about. From condolence flowers to grand opening flower stands — shop our collections, or speak to us for custom floral designs. If you’re buying flowers in Malaysia, we have gifts and bouquets for every occasion and major celebration.","color-title":"#000000","color-description":"#5e5e5e","button_type":"underline-button","text_button":"","link_button_banner":""}}},"block_order":["453ff8fc-faf9-4823-bcd5-2d0b7f4bfa8c"],"disabled":true,"settings":{"width_layout_banner":"container","background_banner":"rgba(0,0,0,0)","title":"","description":"","margin_bottom_desktop":0,"margin_bottom_table":0,"margin_bottom_mobile":0}},"e8db62c4-0f09-4d6e-9963-c5bd516ae124":{"type":"banner","blocks":{"e58e7035-fc46-4912-86b4-d927437734a9":{"type":"banner_normal","settings":{"layout_banner":"layout-normal_1","position_banner":"right","text_align_content":"text_left","max_width_content":430,"image_banner":"shopify:\/\/shop_images\/andy-holmes-lj8e0MEpmbM-unsplash.jpg","sub_title_banner":"","title_banner":"Malaysian Florists & Floral Designers","description_banner":"Our seasoned floral designers create flower arrangements that are designed to show off the best flowers of the season. No matter which bouquet you decide to buy, you’ll be receiving a premium selection of flowers arranged to complement each other perfectly. Each bouquet or floral design is carefully crafted by our in-house artisans, who take the designs visualised by our designers and turn it into pieces that are guaranteed to brighten up your loved one’s day!","color-title":"#000000","color-description":"#5e5e5e","button_type":"underline-button","text_button":"","link_button_banner":""}}},"block_order":["e58e7035-fc46-4912-86b4-d927437734a9"],"disabled":true,"settings":{"width_layout_banner":"container","background_banner":"rgba(0,0,0,0)","title":"","description":"","margin_bottom_desktop":0,"margin_bottom_table":0,"margin_bottom_mobile":0}},"8b5f93e2-7ccb-4ac4-bf84-a758f30bfae8":{"type":"border","disabled":true,"settings":{"type_border":"border_type1","border_width":"full_width","color_border":"#e5e5e5","height_border":1,"margin_bottom_desktop":80,"margin_bottom_table":60,"margin_bottom_mobile":40}},"31c6fe9f-bad2-4c05-9d75-35f306181cf2":{"type":"tp-partner","blocks":{"template--15634712723662__31c6fe9f-bad2-4c05-9d75-35f306181cf2-1672713274e7052e61-0":{"type":"item","settings":{"text":"Item","item_image":"shopify:\/\/shop_images\/dt1.png","item_link":""}},"template--15634712723662__31c6fe9f-bad2-4c05-9d75-35f306181cf2-1672713274e7052e61-1":{"type":"item","settings":{"text":"Item","item_image":"shopify:\/\/shop_images\/dt2.png","item_link":""}},"template--15634712723662__31c6fe9f-bad2-4c05-9d75-35f306181cf2-1672713274e7052e61-2":{"type":"item","settings":{"text":"Item","item_image":"shopify:\/\/shop_images\/dt1_dadad78a-79fa-4b03-984d-aa9afa350da2.png","item_link":""}},"template--15634712723662__31c6fe9f-bad2-4c05-9d75-35f306181cf2-1672713274e7052e61-3":{"type":"item","settings":{"text":"Item","item_image":"shopify:\/\/shop_images\/dt2_8de40d3c-b784-4db8-8d3e-4c6fff8308e3.png","item_link":""}},"template--15634712723662__31c6fe9f-bad2-4c05-9d75-35f306181cf2-1672713274e7052e61-4":{"type":"item","settings":{"text":"Item","item_image":"shopify:\/\/shop_images\/dt1.png","item_link":""}}},"block_order":["template--15634712723662__31c6fe9f-bad2-4c05-9d75-35f306181cf2-1672713274e7052e61-0","template--15634712723662__31c6fe9f-bad2-4c05-9d75-35f306181cf2-1672713274e7052e61-1","template--15634712723662__31c6fe9f-bad2-4c05-9d75-35f306181cf2-1672713274e7052e61-2","template--15634712723662__31c6fe9f-bad2-4c05-9d75-35f306181cf2-1672713274e7052e61-3","template--15634712723662__31c6fe9f-bad2-4c05-9d75-35f306181cf2-1672713274e7052e61-4"],"disabled":true,"settings":{"partner_config":"slide_partner","partner_bg":"#ffffff","tt_pd_top":0,"tt_pd_bottom":0,"margin_bottom_desktop":80,"margin_bottom_table":60,"margin_bottom_mobile":40}},"2aae1ae6-86f9-4a9a-94ba-274e310d707e":{"type":"border","settings":{"type_border":"border_type1","border_width":"full_width","color_border":"#e5e5e5","height_border":1,"margin_bottom_desktop":80,"margin_bottom_table":60,"margin_bottom_mobile":40}},"0db43f8d-72d6-4725-8457-e45822471bdc":{"type":"tp-title-section","disabled":true,"settings":{"heading":"Latest Guides","sub_title":"","show_icon":false,"button_label":"View all","link":"shopify:\/\/blogs\/wahup-blogs","show_button":true,"display_type":"layout_1","position_title":"text-center","padding_top":0,"padding_bottom":0,"font-size_title":36,"font_size_title_mobile":30,"font-weight_title":500,"font-size_sub_title":16,"background_title":"","color_title":"#000000","color_sub_title":"#909090","color_button":"#000000","margin_bottom_desktop":50,"margin_bottom_table":40,"margin_bottom_mobile":30}},"ddfb89c0-ff64-4b4d-bdfe-272e76f66b8b":{"type":"lastest-news","disabled":true,"settings":{"blog":"wahup-blogs","width_blog":"container","display_layout":"layout_2","position_content":"left","post_limit":4,"gap_item_blog":30,"box_shadow_item":true,"show_date":false,"show_button_discover":true,"content_text":"#000000","rgb_image":17,"margin_bottom_desktop":80,"margin_bottom_table":60,"margin_bottom_mobile":40}},"featured_collection_cJ4Fjb":{"type":"featured-collection","settings":{"width_layout":"container","title":"Unique Underwear","description":"","display_type":"normal","collection":"custom-underwear","background_color":"","padding_top_bottom":0,"products_to_show":8,"column_number":"4","collection_list":["custom-underwear"],"style_button_tab":"tp-box-button__style-1","margin_bottom_button":30,"font_size_button":16,"font_weight_button_tab":400,"text_uppercase":false,"layout_slider":"layout-slider-1","show_navigation":true,"show_pagigation":true,"sliders_perview":"4","title_banner":"","description_banner":"","position_collection":"position_left","product_item_layout":"use_global","type_button":"normal","text_button":"Shop now","button_type":"tp-btn__primary","mobile_columns":"2","margin_bottom_desktop":80,"margin_bottom_table":60,"margin_bottom_mobile":40}},"featured_collection_9TXy93":{"type":"featured-collection","disabled":true,"settings":{"width_layout":"container","title":"Pet & Owner","description":"","display_type":"slide","collection":"pet-owner","background_color":"","padding_top_bottom":0,"products_to_show":8,"column_number":"4","collection_list":[],"style_button_tab":"tp-box-button__style-3","margin_bottom_button":30,"font_size_button":16,"font_weight_button_tab":400,"text_uppercase":false,"layout_slider":"layout-slider-1","show_navigation":true,"show_pagigation":true,"sliders_perview":"4","title_banner":"Shop Pet Portraits","description_banner":"<p>Professionally designed based on your pet photos. Surprise the pet parent in your life with a truly unforgettable gift.<\/p>","position_collection":"position_left","product_item_layout":"use_global","type_button":"normal","text_button":"Shop now","button_type":"tp-btn__primary","mobile_columns":"2","margin_bottom_desktop":80,"margin_bottom_table":60,"margin_bottom_mobile":40}},"featured_collection_RPWA3m":{"type":"featured-collection","settings":{"width_layout":"container","title":"Personalized couples underwear","description":"","display_type":"normal","collection":"custom-matching-underwear-for-couples","background_color":"","padding_top_bottom":0,"products_to_show":8,"column_number":"4","collection_list":["pet-hoodies"],"style_button_tab":"tp-box-button__style-1","margin_bottom_button":30,"font_size_button":16,"font_weight_button_tab":400,"text_uppercase":false,"layout_slider":"layout-slider-1","show_navigation":true,"show_pagigation":true,"sliders_perview":"4","title_banner":"Shop Pet Portraits","description_banner":"<p>Professionally designed based on your pet photos. Surprise the pet parent in your life with a truly unforgettable gift.<\/p>","position_collection":"position_left","product_item_layout":"use_global","type_button":"normal","text_button":"Shop now","button_type":"tp-btn__primary","mobile_columns":"2","margin_bottom_desktop":80,"margin_bottom_table":60,"margin_bottom_mobile":40}}},"order":["banner_slide_QGjcGH","video_H6rknm","4e3fcfb3-92f6-422b-8c70-e54b7de6f75e","6e4b4c2f-8585-45f3-8e78-a8511bd37db3","0916fc69-aee0-47b2-8ee8-8983ac34c3c8","e30ca700-2310-4d4f-b502-8f517f8aac5e","848f84a2-3b14-4c3d-99d9-c4a3552a8de0","d9baee42-dc4c-474b-8a5f-eb6d4b3e21a1","3244a8df-66d5-4a64-961e-e779280c1ddd","18e1b361-14a3-4697-9b37-e7909044bdbd","852dd079-17bc-4541-a7bd-9d13d816304a","433bc71b-e0e1-448a-8ff1-59ffcd8d6a6d","185da6bd-cdc6-45d0-b037-8cef7d7fe854","1769a075-c463-48c5-892f-9849ba620201","6dd9eecd-67bf-4153-b590-b2d3f83469c7","654c15af-9655-4bb9-a885-0cb03f719eb0","e8db62c4-0f09-4d6e-9963-c5bd516ae124","8b5f93e2-7ccb-4ac4-bf84-a758f30bfae8","31c6fe9f-bad2-4c05-9d75-35f306181cf2","2aae1ae6-86f9-4a9a-94ba-274e310d707e","0db43f8d-72d6-4725-8457-e45822471bdc","ddfb89c0-ff64-4b4d-bdfe-272e76f66b8b","featured_collection_cJ4Fjb","featured_collection_9TXy93","featured_collection_RPWA3m"]}