{"sections":{"1660875782c9d37716":{"type":"slide","blocks":{"4f21a9ff-003d-4aa1-a7ec-0bf8785b0dfd":{"type":"slide_item","settings":{"image":"shopify:\/\/shop_images\/Bg2.png","sub_title":"New In: Face & Body","title":"<p>Set of Skin <\/p><p>Care Package<\/p>","description_1":"<p>Lorem ipsum dolor sit amet, consectetur adipiscing <\/p><p>elit, sed do eiusmod tempor incididunt ut lab<\/p>","description_2":"","slide_url":"","font_size_subtitle":18,"font_size_title":50,"font_size_description":16,"color_subtitle":"#909090","color_title":"#000000","color_description":"#000000"}},"4b8a3072-2f55-4c13-9a71-966a5588de10":{"type":"slide_item","settings":{"image":"shopify:\/\/shop_images\/Bg_18c9376e-b99a-42e9-ae22-280b6c9b36cd.png","sub_title":"New In: Face & Body","title":"<p>Set of Skin <\/p><p>Care Package<\/p>","description_1":"<p>Lorem ipsum dolor sit amet, consectetur adipiscing <\/p><p>elit, sed do eiusmod tempor incididunt ut lab<\/p>","description_2":"Sale $34.00","slide_url":"","font_size_subtitle":18,"font_size_title":50,"font_size_description":16,"color_subtitle":"#909090","color_title":"#000000","color_description":"#000000"}},"0101cdbf-3992-4a20-a7a1-632f65acd495":{"type":"slide_item","settings":{"image":"shopify:\/\/shop_images\/Bg3.png","sub_title":"New In: Face & Body","title":"<p>Set of Skin <\/p><p>Care Package<\/p>","description_1":"<p>Lorem ipsum dolor sit amet, consectetur adipiscing <\/p><p>elit, sed do eiusmod tempor incididunt ut lab<\/p>","description_2":"","slide_url":"","font_size_subtitle":18,"font_size_title":50,"font_size_description":16,"color_subtitle":"#909090","color_title":"#000000","color_description":"#000000"}}},"block_order":["4f21a9ff-003d-4aa1-a7ec-0bf8785b0dfd","4b8a3072-2f55-4c13-9a71-966a5588de10","0101cdbf-3992-4a20-a7a1-632f65acd495"],"settings":{"show_navigation":true,"show_pagination":true,"loop":true,"autoplay":false,"autoplay_time":5,"position_pagination":"left_bottom","pag_bg":"#000000","type_navigation":"button_icon","margin_bottom_desktop":80,"margin_bottom_table":60,"margin_bottom_mobile":40}},"1660788096a941f44c":{"type":"service","blocks":{"8444acdc-7abc-46ef-9206-362dc4a4f0af":{"type":"service_item","settings":{"image_service":"shopify:\/\/shop_images\/Icon.png","title_service":"Free Shipping Worldwide","description_service":"Free international shipping","background_item_service":"#eefffe","link_service":""}},"04abcea8-338f-4146-b257-77d3d8a5a390":{"type":"service_item","settings":{"image_service":"shopify:\/\/shop_images\/Icon_1.png","title_service":"30 Day Return","description_service":"On all ours products","background_item_service":"#f4f7ff","link_service":""}},"55b12fb9-e87e-4a12-b99d-c9e91dbf0589":{"type":"service_item","settings":{"image_service":"shopify:\/\/shop_images\/Icon_2.png","title_service":"24\/7 Customer Support","description_service":"Provide 24\/7 support","background_item_service":"#fffbf4","link_service":""}}},"block_order":["8444acdc-7abc-46ef-9206-362dc4a4f0af","04abcea8-338f-4146-b257-77d3d8a5a390","55b12fb9-e87e-4a12-b99d-c9e91dbf0589"],"settings":{"gap_item":30,"margin_bottom_desktop":80,"margin_bottom_table":60,"margin_bottom_mobile":40}},"1660904654f6076da9":{"type":"tp-title-section","settings":{"heading":"Popular Items","sub_title":"","show_icon":true,"display_type":"layout_1","position_title":"text-center","font-size_title":36,"font-size_sub_title":16,"color_title":"#000000","color_sub_title":"#909090","margin_bottom_desktop":50,"margin_bottom_table":40,"margin_bottom_mobile":30}},"1660893483de1de3e8":{"type":"featured-collection","settings":{"title":"","description":"","display_type":"normal","collection":"cosmetics","products_to_show":8,"collection_list":[],"type_button":"normal","text_button":"Shop now","margin_bottom_desktop":80,"margin_bottom_table":60,"margin_bottom_mobile":40}},"1660881382c5a232eb":{"type":"banner","blocks":{"06fd51d9-5851-43a3-a8f4-075bb3b1e8e3":{"type":"banner_menu","settings":{"image_banner":"shopify:\/\/shop_images\/Thumb_1.png","menu_banner":"help-information","title_menu":"Nail & Wax","text_button":"View all collection","link_button_banner":"","position_menu":"left"}},"4a232be4-d0b8-4363-9525-58a4a4010a5c":{"type":"banner_menu","settings":{"image_banner":"shopify:\/\/shop_images\/Thumb_2.png","menu_banner":"more-from","title_menu":"Nail & Wax","text_button":"View all collection","link_button_banner":"","position_menu":"right"}}},"block_order":["06fd51d9-5851-43a3-a8f4-075bb3b1e8e3","4a232be4-d0b8-4363-9525-58a4a4010a5c"],"settings":{"margin_bottom_desktop":80,"margin_bottom_table":60,"margin_bottom_mobile":40}},"16607973118da5765a":{"type":"tp-partner","blocks":{"ce2a0bab-1afd-47a4-af91-5678bbd5b31e":{"type":"item","settings":{"text":"Item","item_image":"shopify:\/\/shop_images\/partner-5.png","item_link":""}},"bcb3ea43-5a0b-4fee-81fa-7650f23091f1":{"type":"item","settings":{"text":"Item","item_image":"shopify:\/\/shop_images\/partner-3.png","item_link":""}},"57e674a5-4b41-4578-a203-4211d69dfa17":{"type":"item","settings":{"text":"Item","item_image":"shopify:\/\/shop_images\/partner-4.png","item_link":""}},"c5d93d3c-4491-483c-94e1-4a9bc418fe64":{"type":"item","settings":{"text":"Item","item_image":"shopify:\/\/shop_images\/partner-1.png","item_link":""}},"1e1c7ca0-c39b-4973-beb9-90ada83799f9":{"type":"item","settings":{"text":"Item","item_image":"shopify:\/\/shop_images\/partner-2.png","item_link":""}}},"block_order":["ce2a0bab-1afd-47a4-af91-5678bbd5b31e","bcb3ea43-5a0b-4fee-81fa-7650f23091f1","57e674a5-4b41-4578-a203-4211d69dfa17","c5d93d3c-4491-483c-94e1-4a9bc418fe64","1e1c7ca0-c39b-4973-beb9-90ada83799f9"],"settings":{"margin_bottom_desktop":80,"margin_bottom_table":60,"margin_bottom_mobile":40}},"16608116276e6ea19c":{"type":"our-testimonial","blocks":{"5f13045c-7923-4220-89d3-30428703b525":{"type":"our_testimonial_item","settings":{"image_testimonial":"shopify:\/\/shop_images\/Thumb.png","title_testimonial":"Very best for choice","description_testimonial":"Noodlefish pipefish zebra shark beaked salmon hillstream loach Newt Zealand smelt salmon false moray pelican eel stoneroller minnow.","name_testimonial":"Zenipher Lopez","background_testimonial_item":"#ffffff"}}},"block_order":["5f13045c-7923-4220-89d3-30428703b525"],"settings":{"heading":"","background_testimonial":"#ffffff","display_type":"layout_3","padding_top_bottom":0,"show_pagination":false,"margin_bottom_desktop":80,"margin_bottom_table":60,"margin_bottom_mobile":40}},"1660805664e1c77174":{"type":"lastest-news","settings":{"blog":"shopify-blog","width_blog":"container","position_content":"left","post_limit":3,"gap_item_blog":30,"show_date":true,"margin_bottom_desktop":30,"margin_bottom_table":15,"margin_bottom_mobile":0}}},"order":["1660875782c9d37716","1660788096a941f44c","1660904654f6076da9","1660893483de1de3e8","1660881382c5a232eb","16607973118da5765a","16608116276e6ea19c","1660805664e1c77174"]}