{"sections":{"165931995121c8b8ef":{"type":"breadcrumb","settings":{"width_layout":"container","position_bread_crumb":"center","pbs_collection":"first","color_background":"#ffffff","show_image_collection":false,"margin_bottom_desktop":0,"margin_bottom_table":0,"margin_bottom_mobile":0}},"1659319973f6bd5c76":{"type":"border","settings":{"type_border":"border_type1","border_width":"container","color_border":"#e5e5e5","height_border":1,"margin_bottom_desktop":80,"margin_bottom_table":60,"margin_bottom_mobile":40}},"form":{"type":"contact-form","blocks":{"8f4f4259-b711-4098-a16f-5c7f54239606":{"type":"contact-info","settings":{"title_info":"Get in touch","info_description":"<p>Send us a note anytime — we welcome feedback and requests.<\/p>","label_phone":"","number_phone":"","label_address":"ADDRESS","address":"<p>Wahup LLC<br\/>30 N Gould St Ste N<br\/>Sheridan, WY 82801<br\/>USA<\/p>","label_email":"EMAIL","address_email":"<p>contact@wahup.com<\/p>"}},"f19b80ea-26fb-42fc-be6c-60d969a8b5d7":{"type":"form","settings":{"heading":"Drop us a line","description":"<p>We are here to help. Please complete the short form below and we`ll respond as soon as possible<\/p>"}}},"block_order":["8f4f4259-b711-4098-a16f-5c7f54239606","f19b80ea-26fb-42fc-be6c-60d969a8b5d7"],"settings":{}},"1659318091e6bc96c5":{"type":"iframe-maps","settings":{"iframe_address":"<iframe src=\"https:\/\/www.google.com\/maps\/embed?pb=!1m18!1m12!1m3!1d2831.167703411779!2d-106.9549504!3d44.797770799999995!2m3!1f0!2f0!3f0!3m2!1i1024!2i768!4f13.1!3m3!1m2!1s0x5335fabc2a66677f%3A0x8f85bd068d1afb8a!2s30%20N%20Gould%20St%2C%20Sheridan%2C%20WY%2082801%2C%20Hoa%20K%E1%BB%B3!5e0!3m2!1svi!2s!4v1700146276827!5m2!1svi!2s\" width=\"600\" height=\"450\" style=\"border:0;\" allowfullscreen=\"\" loading=\"lazy\" referrerpolicy=\"no-referrer-when-downgrade\"><\/iframe>","margin_bottom_desktop":80,"margin_bottom_table":60,"margin_bottom_mobile":40}}},"order":["165931995121c8b8ef","1659319973f6bd5c76","form","1659318091e6bc96c5"]}