{"sections":{"861a9ff1-7d33-4943-85fb-ddb2bf33eff8":{"type":"announcement-bar","blocks":{"f07ff028-76e6-4810-bd26-ba47255f1ced":{"type":"style2","settings":{"text_content":"<p>ORDER BY 4 PM FOR FREE SAME-DAY DELIVERY<\/p>","collection":""}}},"block_order":["f07ff028-76e6-4810-bd26-ba47255f1ced"],"settings":{"background_color":"#64ae88","text_color":"#ffffff","container_check":true}},"2b2136a7-b3da-4ef4-9143-848a08df71d9":{"type":"header","blocks":{"9b31fafb-e899-44e0-bff5-1fff4fef57f3":{"type":"submenu_type1","settings":{"submenu_foritem":"3","submenu_fea":"Featured","submenu_select":"","submenu_title_1":"Collaborations","submenu_url_1":"#","submenu_title_2":"Compression","submenu_url_2":"#","submenu_title_3":"Merino Wool","submenu_url_3":"#"}}},"block_order":["9b31fafb-e899-44e0-bff5-1fff4fef57f3"],"settings":{"menu_bg":"#ffffff","logo":"shopify:\/\/shop_images\/Logo_f6740521-b62e-478b-a1e0-5a8.png","logo_position":"top-center","container_config":"full-container","menu":"main-menu","menu_mobile":"","show_line_separator":true,"show_account":true,"enable_sticky_header":true,"header_transparent":false,"hover_type":"hover_type_1","check_label1":false,"name_label1":"Hot","list_label1":"","bgcolor_label1":"#ff0000","textcolor_label1":"#ffffff","check_label2":false,"name_label2":"New","list_label2":"","bgcolor_label2":"#6461ff","textcolor_label2":"#ffffff","margin_bottom_desktop":0,"margin_bottom_table":0,"margin_bottom_mobile":0}},"4e3fcfb3-92f6-422b-8c70-e54b7de6f75e":{"type":"banner-image-card","blocks":{"template--15634712723662__4e3fcfb3-92f6-422b-8c70-e54b7de6f75e-16724590132656245e-0":{"type":"item","settings":{"content_position":"content-bottom-left","content_alignment":"left","hover_item":"zoom_image","background_content":"","image":"shopify:\/\/shop_images\/bloomthis-home-desktop_0690a0dd.png","overlay_banner":0,"fix_height_image":false,"height_image_mobile":50,"title":"<p>Flowers & gifts for all occasions<\/p>","sub_title":"<p>FREE Card & Photo + Same-Day Delivery<\/p>","font_size_title":50,"color_title":"#ffffff","color_background_title":"rgba(0,0,0,0)","font_size_sub_title":16,"color_sub_title":"#ffffff","color_background_sub_title":"rgba(0,0,0,0)","button_type":"block-button","button_label":"Shop now","link":""}}},"block_order":["template--15634712723662__4e3fcfb3-92f6-422b-8c70-e54b7de6f75e-16724590132656245e-0"],"settings":{"width_layout":"width-full","background_banner":"","title":"","description":"","layout":"layout_1","padding_top":0,"padding_top_mobile":0,"padding_bottom":0,"margin_top_desktop":0,"margin_top_table":0,"margin_top_mobile":0,"margin_bottom_desktop":30,"margin_bottom_table":30,"margin_bottom_mobile":30}},"6e4b4c2f-8585-45f3-8e78-a8511bd37db3":{"type":"service","blocks":{"edb83e39-0822-44d9-8601-422fc81fa236":{"type":"service_item","settings":{"image_service":"shopify:\/\/shop_images\/bloomthis-icon-just-because-2.png","title_service":"Luxurious Modern Designs","description_service":"","padding_top_bottom":0,"background_item_service":"rgba(0,0,0,0)","service_title":"#000000","service_brief":"#909090","font_size_title":16,"font_size_description":16,"link_service":""}},"bab2b132-f474-496f-91c9-5a0ef8d2560e":{"type":"service_item","settings":{"image_service":"shopify:\/\/shop_images\/bloomthis-icon-flowers-2.png","title_service":"Artisan Curated & Handcrafted","description_service":"","padding_top_bottom":0,"background_item_service":"rgba(0,0,0,0)","service_title":"#000000","service_brief":"#909090","font_size_title":16,"font_size_description":16,"link_service":""}},"56f90def-e518-4b43-bd4f-664def3d1c4f":{"type":"service_item","settings":{"image_service":"shopify:\/\/shop_images\/card.png","title_service":"Free Personalised Card + Photo","description_service":"","padding_top_bottom":0,"background_item_service":"rgba(0,0,0,0)","service_title":"#000000","service_brief":"#909090","font_size_title":16,"font_size_description":16,"link_service":""}},"5bfca8f8-2e08-4ce2-bb5e-a7ec72338a0b":{"type":"service_item","settings":{"image_service":"shopify:\/\/shop_images\/bloomthis-icon-vespa-2.png","title_service":"Free Same & Next Day Delivery","description_service":"","padding_top_bottom":0,"background_item_service":"rgba(0,0,0,0)","service_title":"#000000","service_brief":"#909090","font_size_title":16,"font_size_description":16,"link_service":""}}},"block_order":["edb83e39-0822-44d9-8601-422fc81fa236","bab2b132-f474-496f-91c9-5a0ef8d2560e","56f90def-e518-4b43-bd4f-664def3d1c4f","5bfca8f8-2e08-4ce2-bb5e-a7ec72338a0b"],"settings":{"width_layout":"lg-container","title":"","description":"","gap_item":0,"layout_service":"layout-service-1","max_width_image":"80px","service_bg":"#ffffff","show_border_right":false,"margin_bottom_desktop":30,"margin_bottom_table":30,"margin_bottom_mobile":30}},"0916fc69-aee0-47b2-8ee8-8983ac34c3c8":{"type":"border","settings":{"type_border":"border_type1","border_width":"full_width","color_border":"#e5e5e5","height_border":1,"margin_bottom_desktop":80,"margin_bottom_table":60,"margin_bottom_mobile":40}},"e30ca700-2310-4d4f-b502-8f517f8aac5e":{"type":"banner-image-card","blocks":{"template--15634712723662__e30ca700-2310-4d4f-b502-8f517f8aac5e-16724590132656245e-0":{"type":"item","settings":{"content_position":"content-bottom-left","content_alignment":"left","hover_item":"zoom_image","background_content":"","image":"shopify:\/\/shop_images\/LandingPageBanner-SameDayDeliver.png","overlay_banner":0,"fix_height_image":false,"height_image_mobile":50,"title":"<p>Birthday Flowers & Gifts<\/p>","sub_title":"","font_size_title":36,"color_title":"#ffffff","color_background_title":"rgba(0,0,0,0)","font_size_sub_title":24,"color_sub_title":"#000000","color_background_sub_title":"","button_type":"block-button","button_label":"Send My Gift","link":""}},"template--15634712723662__e30ca700-2310-4d4f-b502-8f517f8aac5e-16724590132656245e-1":{"type":"item","settings":{"content_position":"content-bottom-left","content_alignment":"left","hover_item":"zoom_image","background_content":"","image":"shopify:\/\/shop_images\/bloomthis-chinese-new-year_750x9_61d21148-63a9-4423-ab18-9e5c47e99345.png","overlay_banner":0,"fix_height_image":false,"height_image_mobile":50,"title":"<p>Chinese New Year Flowers & Gifts<\/p>","sub_title":"","font_size_title":36,"color_title":"#ffffff","color_background_title":"rgba(0,0,0,0)","font_size_sub_title":24,"color_sub_title":"#000000","color_background_sub_title":"","button_type":"block-button","button_label":"Shop now","link":""}},"template--15634712723662__e30ca700-2310-4d4f-b502-8f517f8aac5e-16724590132656245e-2":{"type":"item","settings":{"content_position":"content-bottom-left","content_alignment":"left","hover_item":"zoom_image","background_content":"","image":"shopify:\/\/shop_images\/bloomthis-new-year-sale_750x960_7a01e11a-563d-427d-b8e8-fa1efce4a79b.png","overlay_banner":0,"fix_height_image":false,"height_image_mobile":50,"title":"<p>New Year Sale<\/p>","sub_title":"","font_size_title":36,"color_title":"#ffffff","color_background_title":"rgba(0,0,0,0)","font_size_sub_title":24,"color_sub_title":"#000000","color_background_sub_title":"","button_type":"block-button","button_label":"Shop now","link":""}}},"block_order":["template--15634712723662__e30ca700-2310-4d4f-b502-8f517f8aac5e-16724590132656245e-0","template--15634712723662__e30ca700-2310-4d4f-b502-8f517f8aac5e-16724590132656245e-1","template--15634712723662__e30ca700-2310-4d4f-b502-8f517f8aac5e-16724590132656245e-2"],"settings":{"width_layout":"width-full","background_banner":"","title":"","description":"","layout":"layout_2","padding_top":0,"padding_top_mobile":0,"padding_bottom":0,"margin_top_desktop":0,"margin_top_table":0,"margin_top_mobile":0,"margin_bottom_desktop":80,"margin_bottom_table":60,"margin_bottom_mobile":40}},"30f59353-c8bb-4387-809c-a843d6b7d41f":{"type":"banner-image-card","blocks":{"template--15634712723662__30f59353-c8bb-4387-809c-a843d6b7d41f-1672461104c7bb9a43-3":{"type":"item","settings":{"content_position":"content-bottom-left","content_alignment":"left","hover_item":"zoom_image","background_content":"","image":"shopify:\/\/shop_images\/bloomthis-christmas_1500x_e9101b4e-4263-42ae-810d-6a6fd38d16b9.png","overlay_banner":0,"fix_height_image":false,"height_image_mobile":50,"title":"<p>Christmas Gifts & Flowers<\/p>","sub_title":"<p>Gift Sets, Hampers, Tiny Trees & More<\/p>","font_size_title":46,"color_title":"#ffffff","color_background_title":"rgba(0,0,0,0)","font_size_sub_title":18,"color_sub_title":"#ffffff","color_background_sub_title":"rgba(0,0,0,0)","button_type":"block-button","button_label":"SEND MY XMAS GIFT","link":""}}},"block_order":["template--15634712723662__30f59353-c8bb-4387-809c-a843d6b7d41f-1672461104c7bb9a43-3"],"settings":{"width_layout":"width-full","background_banner":"","title":"","description":"","layout":"layout_2","padding_top":0,"padding_top_mobile":0,"padding_bottom":0,"margin_top_desktop":0,"margin_top_table":0,"margin_top_mobile":0,"margin_bottom_desktop":80,"margin_bottom_table":60,"margin_bottom_mobile":40}},"848f84a2-3b14-4c3d-99d9-c4a3552a8de0":{"type":"banner-image-card","blocks":{"template--15634712723662__848f84a2-3b14-4c3d-99d9-c4a3552a8de0-1672461104c7bb9a43-0":{"type":"item","settings":{"content_position":"content-bottom-left","content_alignment":"left","hover_item":"zoom_image","background_content":"","image":"shopify:\/\/shop_images\/bloomthis-kate-spade-sparkle-hom.png","overlay_banner":0,"fix_height_image":false,"height_image_mobile":50,"title":"<p>Kate Spade Sparkle x BloomThis<\/p>","sub_title":"<p>Limited Edition Flowers + Free Gifts<\/p>","font_size_title":36,"color_title":"#ffffff","color_background_title":"rgba(0,0,0,0)","font_size_sub_title":16,"color_sub_title":"#ffffff","color_background_sub_title":"rgba(0,0,0,0)","button_type":"block-button","button_label":"Send Flowers","link":""}}},"block_order":["template--15634712723662__848f84a2-3b14-4c3d-99d9-c4a3552a8de0-1672461104c7bb9a43-0"],"settings":{"width_layout":"width-full","background_banner":"","title":"Featured collection","description":"","layout":"layout_1","padding_top":0,"padding_top_mobile":0,"padding_bottom":0,"margin_top_desktop":0,"margin_top_table":0,"margin_top_mobile":0,"margin_bottom_desktop":80,"margin_bottom_table":60,"margin_bottom_mobile":40}},"d9baee42-dc4c-474b-8a5f-eb6d4b3e21a1":{"type":"banner-image-card","blocks":{"template--15634712723662__d9baee42-dc4c-474b-8a5f-eb6d4b3e21a1-1672461104c7bb9a43-0":{"type":"item","settings":{"content_position":"content-bottom-center","content_alignment":"left","hover_item":"zoom_image","background_content":"","image":"shopify:\/\/shop_images\/bloomthis-hat-box-bernadette-whi.png","overlay_banner":0,"fix_height_image":false,"height_image_mobile":50,"title":"","sub_title":"","font_size_title":36,"color_title":"#000000","color_background_title":"#ffffff","font_size_sub_title":24,"color_sub_title":"#000000","color_background_sub_title":"","button_type":"block-button","button_label":"Shop now","link":""}},"template--15634712723662__d9baee42-dc4c-474b-8a5f-eb6d4b3e21a1-1672461104c7bb9a43-1":{"type":"item","settings":{"content_position":"content-bottom-center","content_alignment":"left","hover_item":"zoom_image","background_content":"","image":"shopify:\/\/shop_images\/bloomthis-chinese-new-year-gift.png","overlay_banner":0,"fix_height_image":false,"height_image_mobile":50,"title":"","sub_title":"","font_size_title":36,"color_title":"#000000","color_background_title":"#ffffff","font_size_sub_title":24,"color_sub_title":"#000000","color_background_sub_title":"","button_type":"block-button","button_label":"Shop now","link":""}},"template--15634712723662__d9baee42-dc4c-474b-8a5f-eb6d4b3e21a1-1672461104c7bb9a43-2":{"type":"item","settings":{"content_position":"content-bottom-center","content_alignment":"left","hover_item":"zoom_image","background_content":"","image":"shopify:\/\/shop_images\/bloomthis-chinese-new-year-baske.png","overlay_banner":0,"fix_height_image":false,"height_image_mobile":50,"title":"","sub_title":"","font_size_title":36,"color_title":"#000000","color_background_title":"#ffffff","font_size_sub_title":24,"color_sub_title":"#000000","color_background_sub_title":"","button_type":"block-button","button_label":"Shop now","link":""}}},"block_order":["template--15634712723662__d9baee42-dc4c-474b-8a5f-eb6d4b3e21a1-1672461104c7bb9a43-0","template--15634712723662__d9baee42-dc4c-474b-8a5f-eb6d4b3e21a1-1672461104c7bb9a43-1","template--15634712723662__d9baee42-dc4c-474b-8a5f-eb6d4b3e21a1-1672461104c7bb9a43-2"],"settings":{"width_layout":"width-full","background_banner":"","title":"","description":"","layout":"layout_2","padding_top":0,"padding_top_mobile":0,"padding_bottom":0,"margin_top_desktop":0,"margin_top_table":0,"margin_top_mobile":0,"margin_bottom_desktop":30,"margin_bottom_table":30,"margin_bottom_mobile":30}},"433bc71b-e0e1-448a-8ff1-59ffcd8d6a6d":{"type":"banner-image-card","blocks":{"template--15634712723662__433bc71b-e0e1-448a-8ff1-59ffcd8d6a6d-1672461104c7bb9a43-0":{"type":"item","settings":{"content_position":"content-bottom-center","content_alignment":"left","hover_item":"zoom_image","background_content":"","image":"shopify:\/\/shop_images\/bloomthis-chinese-new-year-gift_2.png","overlay_banner":0,"fix_height_image":false,"height_image_mobile":50,"title":"","sub_title":"","font_size_title":36,"color_title":"#000000","color_background_title":"#ffffff","font_size_sub_title":24,"color_sub_title":"#000000","color_background_sub_title":"","button_type":"block-button","button_label":"Shop now","link":""}},"template--15634712723662__433bc71b-e0e1-448a-8ff1-59ffcd8d6a6d-1672461104c7bb9a43-1":{"type":"item","settings":{"content_position":"content-bottom-center","content_alignment":"left","hover_item":"zoom_image","background_content":"","image":"shopify:\/\/shop_images\/bloomthis-chinese-new-year-prosp.png","overlay_banner":0,"fix_height_image":false,"height_image_mobile":50,"title":"","sub_title":"","font_size_title":36,"color_title":"#000000","color_background_title":"#ffffff","font_size_sub_title":24,"color_sub_title":"#000000","color_background_sub_title":"","button_type":"block-button","button_label":"Shop now","link":""}},"template--15634712723662__433bc71b-e0e1-448a-8ff1-59ffcd8d6a6d-1672461104c7bb9a43-2":{"type":"item","settings":{"content_position":"content-bottom-center","content_alignment":"left","hover_item":"zoom_image","background_content":"","image":"shopify:\/\/shop_images\/bloomthis-chinese-new-year-hampe.png","overlay_banner":0,"fix_height_image":false,"height_image_mobile":50,"title":"","sub_title":"","font_size_title":36,"color_title":"#000000","color_background_title":"#ffffff","font_size_sub_title":24,"color_sub_title":"#000000","color_background_sub_title":"","button_type":"block-button","button_label":"Shop now","link":""}}},"block_order":["template--15634712723662__433bc71b-e0e1-448a-8ff1-59ffcd8d6a6d-1672461104c7bb9a43-0","template--15634712723662__433bc71b-e0e1-448a-8ff1-59ffcd8d6a6d-1672461104c7bb9a43-1","template--15634712723662__433bc71b-e0e1-448a-8ff1-59ffcd8d6a6d-1672461104c7bb9a43-2"],"settings":{"width_layout":"width-full","background_banner":"","title":"","description":"","layout":"layout_2","padding_top":0,"padding_top_mobile":0,"padding_bottom":0,"margin_top_desktop":0,"margin_top_table":0,"margin_top_mobile":0,"margin_bottom_desktop":30,"margin_bottom_table":30,"margin_bottom_mobile":30}},"185da6bd-cdc6-45d0-b037-8cef7d7fe854":{"type":"banner-image-card","blocks":{"template--15634712723662__185da6bd-cdc6-45d0-b037-8cef7d7fe854-1672461104c7bb9a43-0":{"type":"item","settings":{"content_position":"content-bottom-center","content_alignment":"left","hover_item":"zoom_image","background_content":"","image":"shopify:\/\/shop_images\/bloomthis-hat-box-bernadette-whi.png","overlay_banner":0,"fix_height_image":false,"height_image_mobile":50,"title":"","sub_title":"","font_size_title":36,"color_title":"#000000","color_background_title":"#ffffff","font_size_sub_title":24,"color_sub_title":"#000000","color_background_sub_title":"","button_type":"block-button","button_label":"Shop now","link":""}},"template--15634712723662__185da6bd-cdc6-45d0-b037-8cef7d7fe854-1672461104c7bb9a43-1":{"type":"item","settings":{"content_position":"content-bottom-center","content_alignment":"left","hover_item":"zoom_image","background_content":"","image":"shopify:\/\/shop_images\/bloomthis-chinese-new-year-gift.png","overlay_banner":0,"fix_height_image":false,"height_image_mobile":50,"title":"","sub_title":"","font_size_title":36,"color_title":"#000000","color_background_title":"#ffffff","font_size_sub_title":24,"color_sub_title":"#000000","color_background_sub_title":"","button_type":"block-button","button_label":"Shop now","link":""}},"template--15634712723662__185da6bd-cdc6-45d0-b037-8cef7d7fe854-1672461104c7bb9a43-2":{"type":"item","settings":{"content_position":"content-bottom-center","content_alignment":"left","hover_item":"zoom_image","background_content":"","image":"shopify:\/\/shop_images\/bloomthis-chinese-new-year-hampe_1.png","overlay_banner":0,"fix_height_image":false,"height_image_mobile":50,"title":"","sub_title":"","font_size_title":36,"color_title":"#000000","color_background_title":"#ffffff","font_size_sub_title":24,"color_sub_title":"#000000","color_background_sub_title":"","button_type":"block-button","button_label":"Shop now","link":""}}},"block_order":["template--15634712723662__185da6bd-cdc6-45d0-b037-8cef7d7fe854-1672461104c7bb9a43-0","template--15634712723662__185da6bd-cdc6-45d0-b037-8cef7d7fe854-1672461104c7bb9a43-1","template--15634712723662__185da6bd-cdc6-45d0-b037-8cef7d7fe854-1672461104c7bb9a43-2"],"settings":{"width_layout":"width-full","background_banner":"","title":"","description":"","layout":"layout_2","padding_top":0,"padding_top_mobile":0,"padding_bottom":0,"margin_top_desktop":0,"margin_top_table":0,"margin_top_mobile":0,"margin_bottom_desktop":80,"margin_bottom_table":60,"margin_bottom_mobile":40}},"18e1b361-14a3-4697-9b37-e7909044bdbd":{"type":"tp-title-section","settings":{"heading":"Brand New","sub_title":"","show_icon":false,"display_type":"layout_1","position_title":"text-center","padding_top":0,"padding_bottom":0,"font-size_title":16,"font-size_sub_title":16,"background_title":"","color_title":"#000000","color_sub_title":"#909090","margin_bottom_desktop":20,"margin_bottom_table":20,"margin_bottom_mobile":20}},"852dd079-17bc-4541-a7bd-9d13d816304a":{"type":"featured-collection","settings":{"width_layout":"container","title":"","description":"","display_type":"tab","collection":"","background_color":"","padding_top_bottom":0,"products_to_show":4,"column_number":"4","collection_list":["children","accessories"],"style_button_tab":"tp-box-button__style-1","font_size_button":30,"font_weight_button_tab":500,"layout_slider":"layout-slider-1","show_navigation":true,"sliders_perview":"4","title_banner":"Shop Pet Portraits","description_banner":"<p>Professionally designed based on your pet photos. Surprise the pet parent in your life with a truly unforgettable gift.<\/p>","position_collection":"position_left","product_item_layout":"use_global","type_button":"normal","text_button":"More CNY Gifts","mobile_columns":"2","margin_bottom_desktop":80,"margin_bottom_table":60,"margin_bottom_mobile":40}},"1769a075-c463-48c5-892f-9849ba620201":{"type":"border","settings":{"type_border":"border_type1","border_width":"container","color_border":"#e5e5e5","height_border":1,"margin_bottom_desktop":80,"margin_bottom_table":60,"margin_bottom_mobile":40}},"5b3c5721-73df-49ed-af8f-e074365e1cb4":{"type":"tp-title-section","settings":{"heading":"Most Popular","sub_title":"","show_icon":false,"display_type":"layout_1","position_title":"text-center","padding_top":0,"padding_bottom":0,"font-size_title":16,"font-size_sub_title":16,"background_title":"","color_title":"#000000","color_sub_title":"#909090","margin_bottom_desktop":20,"margin_bottom_table":20,"margin_bottom_mobile":20}},"6dd9eecd-67bf-4153-b590-b2d3f83469c7":{"type":"featured-collection","settings":{"width_layout":"container","title":"","description":"","display_type":"tab","collection":"","background_color":"","padding_top_bottom":0,"products_to_show":4,"column_number":"4","collection_list":["trending","women"],"style_button_tab":"tp-box-button__style-1","font_size_button":16,"font_weight_button_tab":400,"layout_slider":"layout-slider-1","show_navigation":true,"sliders_perview":"4","title_banner":"Shop Pet Portraits","description_banner":"<p>Professionally designed based on your pet photos. Surprise the pet parent in your life with a truly unforgettable gift.<\/p>","position_collection":"position_left","product_item_layout":"use_global","type_button":"normal","text_button":"See More Flowers","mobile_columns":"2","margin_bottom_desktop":80,"margin_bottom_table":60,"margin_bottom_mobile":40}},"654c15af-9655-4bb9-a885-0cb03f719eb0":{"type":"banner","blocks":{"453ff8fc-faf9-4823-bcd5-2d0b7f4bfa8c":{"type":"banner_normal","settings":{"layout_banner":"layout-normal_1","position_banner":"left","image_banner":"shopify:\/\/shop_images\/bloomthis-home-usp-01-flowers-gi.png","title_banner":"Flowers & Gifts for All Occasions","description_banner":"No matter what the occasion is, from birthdays to anniversaries, or to express your love and friendship, you’ll be able to find what you need to create special moments with the people you care about. From condolence flowers to grand opening flower stands — shop our collections, or speak to us for custom floral designs. If you’re buying flowers in Malaysia, we have gifts and bouquets for every occasion and major celebration.","color-title":"#000000","color-description":"#5e5e5e","button_type":"underline-button","text_button":"","link_button_banner":""}}},"block_order":["453ff8fc-faf9-4823-bcd5-2d0b7f4bfa8c"],"settings":{"width_layout_banner":"width-full","background_banner":"rgba(0,0,0,0)","title":"","description":"","margin_bottom_desktop":0,"margin_bottom_table":0,"margin_bottom_mobile":0}},"4da67bf3-346b-4a53-a2c4-560911bdaac7":{"type":"border","settings":{"type_border":"border_type1","border_width":"full_width","color_border":"#e5e5e5","height_border":1,"margin_bottom_desktop":80,"margin_bottom_table":60,"margin_bottom_mobile":40}},"e8db62c4-0f09-4d6e-9963-c5bd516ae124":{"type":"banner","blocks":{"e58e7035-fc46-4912-86b4-d927437734a9":{"type":"banner_normal","settings":{"layout_banner":"layout-normal_1","position_banner":"right","image_banner":"shopify:\/\/shop_images\/bloomthis-home-usp-02-malaysia-f.png","title_banner":"Malaysian Florists & Floral Designers","description_banner":"Our seasoned floral designers create flower arrangements that are designed to show off the best flowers of the season. No matter which bouquet you decide to buy, you’ll be receiving a premium selection of flowers arranged to complement each other perfectly. Each bouquet or floral design is carefully crafted by our in-house artisans, who take the designs visualised by our designers and turn it into pieces that are guaranteed to brighten up your loved one’s day!","color-title":"#000000","color-description":"#5e5e5e","button_type":"underline-button","text_button":"","link_button_banner":""}}},"block_order":["e58e7035-fc46-4912-86b4-d927437734a9"],"settings":{"width_layout_banner":"width-full","background_banner":"rgba(0,0,0,0)","title":"","description":"","margin_bottom_desktop":80,"margin_bottom_table":60,"margin_bottom_mobile":40}},"31c6fe9f-bad2-4c05-9d75-35f306181cf2":{"type":"tp-partner","blocks":{"template--15634712723662__31c6fe9f-bad2-4c05-9d75-35f306181cf2-1672713274e7052e61-0":{"type":"item","settings":{"text":"Item","item_image":"shopify:\/\/shop_images\/bloomthis-press-prestige_50e70c8.png","item_link":""}},"template--15634712723662__31c6fe9f-bad2-4c05-9d75-35f306181cf2-1672713274e7052e61-1":{"type":"item","settings":{"text":"Item","item_image":"shopify:\/\/shop_images\/bloomthis-press-tatler_300x_a29c7dcb-37e3-472d-b0ad-6fb2e3c767bf.png","item_link":""}},"template--15634712723662__31c6fe9f-bad2-4c05-9d75-35f306181cf2-1672713274e7052e61-2":{"type":"item","settings":{"text":"Item","item_image":"shopify:\/\/shop_images\/bloomthis-press-marie-claire_300.png","item_link":""}},"template--15634712723662__31c6fe9f-bad2-4c05-9d75-35f306181cf2-1672713274e7052e61-3":{"type":"item","settings":{"text":"Item","item_image":"shopify:\/\/shop_images\/bloomthis-press-buro_300x_e3a90d3a-adeb-4639-a290-55c394abed1d.png","item_link":""}},"template--15634712723662__31c6fe9f-bad2-4c05-9d75-35f306181cf2-1672713274e7052e61-4":{"type":"item","settings":{"text":"Item","item_image":"shopify:\/\/shop_images\/bloomthis-press-shape_300x_06cf769e-860f-43a5-a190-31361ebf3084.png","item_link":""}}},"block_order":["template--15634712723662__31c6fe9f-bad2-4c05-9d75-35f306181cf2-1672713274e7052e61-0","template--15634712723662__31c6fe9f-bad2-4c05-9d75-35f306181cf2-1672713274e7052e61-1","template--15634712723662__31c6fe9f-bad2-4c05-9d75-35f306181cf2-1672713274e7052e61-2","template--15634712723662__31c6fe9f-bad2-4c05-9d75-35f306181cf2-1672713274e7052e61-3","template--15634712723662__31c6fe9f-bad2-4c05-9d75-35f306181cf2-1672713274e7052e61-4"],"settings":{"partner_config":"slide_partner","margin_bottom_desktop":80,"margin_bottom_table":60,"margin_bottom_mobile":40}},"15066a5d-19db-4c63-80ea-595648b4a770":{"type":"tp-instagram","blocks":{"81849b9d-063a-4596-8f7c-5914e42c4180":{"type":"item_instagram","settings":{"image_instagram":"shopify:\/\/shop_images\/ig1.png","link_instagram":"https:\/\/www.instagram.com\/p\/CjXUHFzPF9o\/"}},"8ee73743-5876-44f3-be04-227699191536":{"type":"item_instagram","settings":{"image_instagram":"shopify:\/\/shop_images\/ig2.png","link_instagram":"https:\/\/www.instagram.com\/p\/CjXUFAkvnHQ\/"}},"6bba2fdd-1540-4f22-b4e7-fbcd2540fd2e":{"type":"item_instagram","settings":{"image_instagram":"shopify:\/\/shop_images\/ig3.png","link_instagram":"https:\/\/www.instagram.com\/p\/CjhHFe9PpQ5\/"}},"a7fd0570-eea7-415d-b002-5c90882f83ea":{"type":"item_instagram","settings":{"image_instagram":"shopify:\/\/shop_images\/ig4.png","link_instagram":"https:\/\/www.instagram.com\/p\/CjXT9nvvV8K\/"}},"39e851a8-8264-4e84-9db8-12de8be28122":{"type":"item_instagram","settings":{"image_instagram":"shopify:\/\/shop_images\/ig5.png","link_instagram":"https:\/\/www.instagram.com\/p\/CjXT7pHvNa0\/"}},"1bc1c1f9-0fc3-48fa-8ee6-a096fc488472":{"type":"item_instagram","settings":{"image_instagram":"shopify:\/\/shop_images\/ig6.png","link_instagram":"https:\/\/www.instagram.com\/p\/CjXUuJYPj4g\/"}}},"block_order":["81849b9d-063a-4596-8f7c-5914e42c4180","8ee73743-5876-44f3-be04-227699191536","6bba2fdd-1540-4f22-b4e7-fbcd2540fd2e","a7fd0570-eea7-415d-b002-5c90882f83ea","39e851a8-8264-4e84-9db8-12de8be28122","1bc1c1f9-0fc3-48fa-8ee6-a096fc488472"],"settings":{"ins_ctn":"container-fluid","title_instagram":"@ FOLLOW US ON","sub_title_instagram":"INSTAGRAM","profile":"https:\/\/www.instagram.com\/storepify\/","data_instagram":"custom_data","gap_item":0,"instagram_to_show":6,"margin_bottom_desktop":80,"margin_bottom_table":60,"margin_bottom_mobile":40}},"0db43f8d-72d6-4725-8457-e45822471bdc":{"type":"tp-title-section","settings":{"heading":"Latest Guides","sub_title":"","show_icon":false,"display_type":"layout_1","position_title":"text-center","padding_top":0,"padding_bottom":0,"font-size_title":36,"font-size_sub_title":16,"background_title":"","color_title":"#000000","color_sub_title":"#909090","margin_bottom_desktop":50,"margin_bottom_table":40,"margin_bottom_mobile":30}},"ddfb89c0-ff64-4b4d-bdfe-272e76f66b8b":{"type":"lastest-news","settings":{"blog":"blog-shopify","width_blog":"container","position_content":"left","post_limit":3,"gap_item_blog":30,"show_date":true,"show_button_discover":true,"margin_bottom_desktop":80,"margin_bottom_table":60,"margin_bottom_mobile":40}}},"order":["861a9ff1-7d33-4943-85fb-ddb2bf33eff8","2b2136a7-b3da-4ef4-9143-848a08df71d9","4e3fcfb3-92f6-422b-8c70-e54b7de6f75e","6e4b4c2f-8585-45f3-8e78-a8511bd37db3","0916fc69-aee0-47b2-8ee8-8983ac34c3c8","e30ca700-2310-4d4f-b502-8f517f8aac5e","30f59353-c8bb-4387-809c-a843d6b7d41f","848f84a2-3b14-4c3d-99d9-c4a3552a8de0","d9baee42-dc4c-474b-8a5f-eb6d4b3e21a1","433bc71b-e0e1-448a-8ff1-59ffcd8d6a6d","185da6bd-cdc6-45d0-b037-8cef7d7fe854","18e1b361-14a3-4697-9b37-e7909044bdbd","852dd079-17bc-4541-a7bd-9d13d816304a","1769a075-c463-48c5-892f-9849ba620201","5b3c5721-73df-49ed-af8f-e074365e1cb4","6dd9eecd-67bf-4153-b590-b2d3f83469c7","654c15af-9655-4bb9-a885-0cb03f719eb0","4da67bf3-346b-4a53-a2c4-560911bdaac7","e8db62c4-0f09-4d6e-9963-c5bd516ae124","31c6fe9f-bad2-4c05-9d75-35f306181cf2","15066a5d-19db-4c63-80ea-595648b4a770","0db43f8d-72d6-4725-8457-e45822471bdc","ddfb89c0-ff64-4b4d-bdfe-272e76f66b8b"]}